keyword,search_term,display_title,source_url,site_link
Fidelity Pointwise Crack,Fidelity Pointwise Crack,Fidelity Pointwise Crack,,
Pdf Combine Pro Crack,Pdf Combine Pro Crack,Pdf Combine Pro Crack,,
Trueconf Server Crack,Trueconf Server Crack,Trueconf Server Crack,,
Queueexplorer Professional Crack,Queueexplorer Professional Crack,Queueexplorer Professional Crack,,
Tubemate Er Crack,Tubemate Er Crack,Tubemate Er Crack,,
Explaindio Video Creator Crack,Explaindio Video Creator Crack,Explaindio Video Creator Crack,,
Reiboot Pro Crack,Reiboot Pro Crack,Reiboot Pro Crack,,
Hitpaw Watermark Remover Crack,Hitpaw Watermark Remover Crack,Hitpaw Watermark Remover Crack,,
Auto Face Swap Pro Crack,Auto Face Swap Pro Crack,Auto Face Swap Pro Crack,,
Nch Drawpad Pro Crack,Nch Drawpad Pro Crack,Nch Drawpad Pro Crack,,
Apeaksoft Screen Recorder Crack,Apeaksoft Screen Recorder Crack,Apeaksoft Screen Recorder Crack,,
Mass Effect Andromeda Crack,Mass Effect Andromeda Crack,Mass Effect Andromeda Crack,,
Blumentals Surfblocker Crack,Blumentals Surfblocker Crack,Blumentals Surfblocker Crack,,
Lobster Ide Professional Crack,Lobster Ide Professional Crack,Lobster Ide Professional Crack,,
Musiclab Realstrat Crack,Musiclab Realstrat Crack,Musiclab Realstrat Crack,,
Source Insight Crack,Source Insight Crack,Source Insight Crack,,
Artlantis Crack,Artlantis Crack,Artlantis Crack,,
Design Fusion Studio Crack,Design Fusion Studio Crack,Design Fusion Studio Crack,,
Frontface Lockdown Tool Crack,Frontface Lockdown Tool Crack,Frontface Lockdown Tool Crack,,
Autodesk Maya Crack,Autodesk Maya Crack,Autodesk Maya Crack,,
Focusme Crack,Focusme Crack,Focusme Crack,,
Save Wizard Ps5 Crack,Save Wizard Ps5 Crack,Save Wizard Ps5 Crack,,
The Sims 4 Crack,The Sims 4 Crack,The Sims 4 Crack,,
Pdf Annotator Crack,Pdf Annotator Crack,Pdf Annotator Crack,,
Decipher Backup Browser Crack,Decipher Backup Browser Crack,Decipher Backup Browser Crack,,
Flashboot Pro Crack,Flashboot Pro Crack,Flashboot Pro Crack,,
Wavebo Crack,Wavebo Crack,Wavebo Crack,,
Sql Backup Master Crack,Sql Backup Master Crack,Sql Backup Master Crack,,
Faststone Image Viewer Crack,Faststone Image Viewer Crack,Faststone Image Viewer Crack,,
Alien Skin Exposure Crack,Alien Skin Exposure Crack,Alien Skin Exposure Crack,,
Disk Sorter Ultimate Crack,Disk Sorter Ultimate Crack,Disk Sorter Ultimate Crack,,
Fileseek Pro Crack,Fileseek Pro Crack,Fileseek Pro Crack,,
Nevercenter Pixelmash Crack,Nevercenter Pixelmash Crack,Nevercenter Pixelmash Crack,,
Handy Recovery Crack,Handy Recovery Crack,Handy Recovery Crack,,
Bingo Numbers Crack,Bingo Numbers Crack,Bingo Numbers Crack,,
D3dgear Crack,D3dgear Crack,D3dgear Crack,,
Aurora 3d Presentation Crack,Aurora 3d Presentation Crack,Aurora 3d Presentation Crack,,
Avira Internet Security Crack,Avira Internet Security Crack,Avira Internet Security Crack,,
Security Monitor Pro Crack,Security Monitor Pro Crack,Security Monitor Pro Crack,,
Topaz Video Ai Crack,Topaz Video Ai Crack,Topaz Video Ai Crack,,
Rollback Rx Pro Crack,Rollback Rx Pro Crack,Rollback Rx Pro Crack,,
Ptc Creo Schematics Crack,Ptc Creo Schematics Crack,Ptc Creo Schematics Crack,,
Postbox Crack,Postbox Crack,Postbox Crack,,
Fonedog Iphone Cleaner Crack,Fonedog Iphone Cleaner Crack,Fonedog Iphone Cleaner Crack,,
Lansweeper Crack,Lansweeper Crack,Lansweeper Crack,,
Avs Audio Converter Crack,Avs Audio Converter Crack,Avs Audio Converter Crack,,
Zoner Photo Studio X Crack,Zoner Photo Studio X Crack,Zoner Photo Studio X Crack,,
Apple Mainstage Crack,Apple Mainstage Crack,Apple Mainstage Crack,,
Song List Generator Crack,Song List Generator Crack,Song List Generator Crack,,
Winaso Registry Optimizer Crack,Winaso Registry Optimizer Crack,Winaso Registry Optimizer Crack,,
Epubor All Drm Removal Crack,Epubor All Drm Removal Crack,Epubor All Drm Removal Crack,,
Regrun Reanimator Crack,Regrun Reanimator Crack,Regrun Reanimator Crack,,
Bandicut Crack,Bandicut Crack,Bandicut Crack,,
Pdq Inventory Crack,Pdq Inventory Crack,Pdq Inventory Crack,,
Kofax Paperport Professional Crack,Kofax Paperport Professional Crack,Kofax Paperport Professional Crack,,
Futuremark Systeminfo Crack,Futuremark Systeminfo Crack,Futuremark Systeminfo Crack,,
Mossaik Presets Pro Crack,Mossaik Presets Pro Crack,Mossaik Presets Pro Crack,,
Ohsoft Ocam Crack,Ohsoft Ocam Crack,Ohsoft Ocam Crack,,
Steelray Project Analyzer Crack,Steelray Project Analyzer Crack,Steelray Project Analyzer Crack,,
Tenorshare Ianygo Crack,Tenorshare Ianygo Crack,Tenorshare Ianygo Crack,,
Coolmuster Ios Assistant Crack,Coolmuster Ios Assistant Crack,Coolmuster Ios Assistant Crack,,
Systools Sql Recovery Crack,Systools Sql Recovery Crack,Systools Sql Recovery Crack,,
Parted Magic Crack,Parted Magic Crack,Parted Magic Crack,,
Photoinstrument Crack,Photoinstrument Crack,Photoinstrument Crack,,
X Sec Malware Scanner Crack,X Sec Malware Scanner Crack,X Sec Malware Scanner Crack,,
Disktrix Ultimatedefrag Crack,Disktrix Ultimatedefrag Crack,Disktrix Ultimatedefrag Crack,,
Pcdj Dex Crack,Pcdj Dex Crack,Pcdj Dex Crack,,
Kaspersky Tdsskiller Crack,Kaspersky Tdsskiller Crack,Kaspersky Tdsskiller Crack,,
Isumsoft Zip Password Crack,Isumsoft Zip Password Crack,Isumsoft Zip Password Crack,,
Essentialpim Pro Crack,Essentialpim Pro Crack,Essentialpim Pro Crack,,
Mastercam Crack,Mastercam Crack,Mastercam Crack,,
Mobilefilesearch Crack,Mobilefilesearch Crack,Mobilefilesearch Crack,,
Gpu Caps Viewer Crack,Gpu Caps Viewer Crack,Gpu Caps Viewer Crack,,
Easy System Utility Crack,Easy System Utility Crack,Easy System Utility Crack,,
Cerbero Suite Advanced Crack,Cerbero Suite Advanced Crack,Cerbero Suite Advanced Crack,,
Medicat Installer Crack,Medicat Installer Crack,Medicat Installer Crack,,
Vectric Aspire Crack,Vectric Aspire Crack,Vectric Aspire Crack,,
Razer Cortex Game Booster Crack,Razer Cortex Game Booster Crack,Razer Cortex Game Booster Crack,,
Metageek Chanalyzer Crack,Metageek Chanalyzer Crack,Metageek Chanalyzer Crack,,
Enfocus Pitstop Pro Crack,Enfocus Pitstop Pro Crack,Enfocus Pitstop Pro Crack,,
Winicon Extractor Crack,Winicon Extractor Crack,Winicon Extractor Crack,,
Nch Express Scribe Pro Crack,Nch Express Scribe Pro Crack,Nch Express Scribe Pro Crack,,
Passfab Iphone Unlocker Crack,Passfab Iphone Unlocker Crack,Passfab Iphone Unlocker Crack,,
Xmedia Re Crack,Xmedia Re Crack,Xmedia Re Crack,,
Panoramastudio Crack,Panoramastudio Crack,Panoramastudio Crack,,
Nero Mediahome Crack,Nero Mediahome Crack,Nero Mediahome Crack,,
Stata Crack,Stata Crack,Stata Crack,,
Waves Tune Real Time 2 Crack,Waves Tune Real Time 2 Crack,Waves Tune Real Time 2 Crack,,
Folder Marker Pro Crack,Folder Marker Pro Crack,Folder Marker Pro Crack,,
Joyoshare Vidikit Crack,Joyoshare Vidikit Crack,Joyoshare Vidikit Crack,,
On1 Photo Raw Crack,On1 Photo Raw Crack,On1 Photo Raw Crack,,
Autodesk Powermill Ultimate Crack,Autodesk Powermill Ultimate Crack,Autodesk Powermill Ultimate Crack,,
Losslesscut Crack,Losslesscut Crack,Losslesscut Crack,,
Cash Register Pro Crack,Cash Register Pro Crack,Cash Register Pro Crack,,
Pano2vr Pro Crack,Pano2vr Pro Crack,Pano2vr Pro Crack,,
Perfectly Clear Workbench Crack,Perfectly Clear Workbench Crack,Perfectly Clear Workbench Crack,,
Bitraser File Eraser Crack,Bitraser File Eraser Crack,Bitraser File Eraser Crack,,
Mp3tag Crack,Mp3tag Crack,Mp3tag Crack,,
Kontakt Crack,Kontakt Crack,Kontakt Crack,,
Csv Editor Pro Crack,Csv Editor Pro Crack,Csv Editor Pro Crack,,
Intelligent Perfectit Crack,Intelligent Perfectit Crack,Intelligent Perfectit Crack,,
Dirprintok Crack,Dirprintok Crack,Dirprintok Crack,,
Listary Pro Crack,Listary Pro Crack,Listary Pro Crack,,
Substance Painter Crack,Substance Painter Crack,Substance Painter Crack,,
Smartshow 3d Crack,Smartshow 3d Crack,Smartshow 3d Crack,,
Chaos Vantage Crack,Chaos Vantage Crack,Chaos Vantage Crack,,
Sepantasoft Easy Tweak Crack,Sepantasoft Easy Tweak Crack,Sepantasoft Easy Tweak Crack,,
Robotask Crack,Robotask Crack,Robotask Crack,,
Objectdock Crack,Objectdock Crack,Objectdock Crack,,
Windatareflector Crack,Windatareflector Crack,Windatareflector Crack,,
Varicad Crack,Varicad Crack,Varicad Crack,,
Diskboss Enterprise Crack,Diskboss Enterprise Crack,Diskboss Enterprise Crack,,
Orpalis Paperscan Crack,Orpalis Paperscan Crack,Orpalis Paperscan Crack,,
Wavemetrics Igor Pro Crack,Wavemetrics Igor Pro Crack,Wavemetrics Igor Pro Crack,,
Smartcapture Crack,Smartcapture Crack,Smartcapture Crack,,
Mountain Duck Crack,Mountain Duck Crack,Mountain Duck Crack,,
Substance Painter Crack,Substance Painter Crack,Substance Painter Crack,,
File Scavenger Crack,File Scavenger Crack,File Scavenger Crack,,
Vmware Workstation Pro 2 Crack,Vmware Workstation Pro 2 Crack,Vmware Workstation Pro 2 Crack,,
Whatsapp Unban Tool Crack,Whatsapp Unban Tool Crack,Whatsapp Unban Tool Crack,,
Fanctrl Crack,Fanctrl Crack,Fanctrl Crack,,
Cisdem Pdf Converter Ocr Crack,Cisdem Pdf Converter Ocr Crack,Cisdem Pdf Converter Ocr Crack,,
Sysgauge Ultimate Crack,Sysgauge Ultimate Crack,Sysgauge Ultimate Crack,,
Remo Recover Windows Crack,Remo Recover Windows Crack,Remo Recover Windows Crack,,
Vov Music Player Crack,Vov Music Player Crack,Vov Music Player Crack,,
Aiseesoft Anycoord Crack,Aiseesoft Anycoord Crack,Aiseesoft Anycoord Crack,,
Abelssoft Syncmanager Pro Crack,Abelssoft Syncmanager Pro Crack,Abelssoft Syncmanager Pro Crack,,
Systat Sigmaplot Crack,Systat Sigmaplot Crack,Systat Sigmaplot Crack,,
Gravit Designer Pro Crack,Gravit Designer Pro Crack,Gravit Designer Pro Crack,,
Sam Broadcaster Pro Crack,Sam Broadcaster Pro Crack,Sam Broadcaster Pro Crack,,
Obs Studio Crack,Obs Studio Crack,Obs Studio Crack,,
3dvista Virtual Tour Suite Crack,3dvista Virtual Tour Suite Crack,3dvista Virtual Tour Suite Crack,,
3dmark Crack,3dmark Crack,3dmark Crack,,
Zwcad Crack,Zwcad Crack,Zwcad Crack,,
Zoom Cloud Meetings Crack,Zoom Cloud Meetings Crack,Zoom Cloud Meetings Crack,,
Zillya Antivirus Crack,Zillya Antivirus Crack,Zillya Antivirus Crack,,
Hide My Ip Crack,Hide My Ip Crack,Hide My Ip Crack,,
Keyshot Network Rendering Crack,Keyshot Network Rendering Crack,Keyshot Network Rendering Crack,,
4ddig Partition Manager Crack,4ddig Partition Manager Crack,4ddig Partition Manager Crack,,
Heavym Pro Crack,Heavym Pro Crack,Heavym Pro Crack,,
Send Anywhere File Transfer Crack,Send Anywhere File Transfer Crack,Send Anywhere File Transfer Crack,,
Ef Checksum Manager Crack,Ef Checksum Manager Crack,Ef Checksum Manager Crack,,
Tri Backup Pro Crack,Tri Backup Pro Crack,Tri Backup Pro Crack,,
Jungle Scout Pro Crack,Jungle Scout Pro Crack,Jungle Scout Pro Crack,,
Dvd Audio Extractor Crack,Dvd Audio Extractor Crack,Dvd Audio Extractor Crack,,
Xvideostudio Video Editor Crack,Xvideostudio Video Editor Crack,Xvideostudio Video Editor Crack,,
Replay Converter Crack,Replay Converter Crack,Replay Converter Crack,,
Replay Music Crack,Replay Music Crack,Replay Music Crack,,
Ef Mailbox Manager Crack,Ef Mailbox Manager Crack,Ef Mailbox Manager Crack,,
Breevy Crack,Breevy Crack,Breevy Crack,,
Restoro Crack,Restoro Crack,Restoro Crack,,
Inno Setup Compiler Crack,Inno Setup Compiler Crack,Inno Setup Compiler Crack,,
Scanscore Professional Crack,Scanscore Professional Crack,Scanscore Professional Crack,,
Vidmore Video Converter Crack,Vidmore Video Converter Crack,Vidmore Video Converter Crack,,
Applenote Crack,Applenote Crack,Applenote Crack,,
Icecream Pdf Split Merge Pro Crack,Icecream Pdf Split Merge Pro Crack,Icecream Pdf Split Merge Pro Crack,,
Ram Saver Pro Crack,Ram Saver Pro Crack,Ram Saver Pro Crack,,
Seo Powersuite Crack,Seo Powersuite Crack,Seo Powersuite Crack,,
Print Conductor Crack,Print Conductor Crack,Print Conductor Crack,,
Adlice Diag Crack,Adlice Diag Crack,Adlice Diag Crack,,
Duet Display Crack,Duet Display Crack,Duet Display Crack,,
Print Conductor Crack,Print Conductor Crack,Print Conductor Crack,,
Itoo Forest Pack Pro Crack,Itoo Forest Pack Pro Crack,Itoo Forest Pack Pro Crack,,
Type Pilot Crack,Type Pilot Crack,Type Pilot Crack,,
Abelssoft Easybackup Crack,Abelssoft Easybackup Crack,Abelssoft Easybackup Crack,,
Passfab 4winkey Ultimate Crack,Passfab 4winkey Ultimate Crack,Passfab 4winkey Ultimate Crack,,
Ashampoo Snap Crack,Ashampoo Snap Crack,Ashampoo Snap Crack,,
Tweaknow Powerpack Crack,Tweaknow Powerpack Crack,Tweaknow Powerpack Crack,,
Bluestacks Torrent Crack,Bluestacks Torrent Crack,Bluestacks Torrent Crack,,
Graphpad Prism Crack,Graphpad Prism Crack,Graphpad Prism Crack,,
Lumion Pro Crack,Lumion Pro Crack,Lumion Pro Crack,,
Snapgene Viewer Crack,Snapgene Viewer Crack,Snapgene Viewer Crack,,
Imyfone Umate Pro Crack,Imyfone Umate Pro Crack,Imyfone Umate Pro Crack,,
Webroot Secureanywhere Antivirus Crack,Webroot Secureanywhere Antivirus Crack,Webroot Secureanywhere Antivirus Crack,,
Vysor Pro Crack,Vysor Pro Crack,Vysor Pro Crack,,
Vyprvpn Crack,Vyprvpn Crack,Vyprvpn Crack,,
Luminar Crack,Luminar Crack,Luminar Crack,,
Wps Office Premium Crack,Wps Office Premium Crack,Wps Office Premium Crack,,
Tomabo Mp4 Er Pro Crack,Tomabo Mp4 Er Pro Crack,Tomabo Mp4 Er Pro Crack,,
Zhpcleaner Crack,Zhpcleaner Crack,Zhpcleaner Crack,,
Vidar Audio Raiden Booster Crack,Vidar Audio Raiden Booster Crack,Vidar Audio Raiden Booster Crack,,
Jetaudio Music Player Apk Crack,Jetaudio Music Player Apk Crack,Jetaudio Music Player Apk Crack,,
Acrok Video Converter Ultimate Crack,Acrok Video Converter Ultimate Crack,Acrok Video Converter Ultimate Crack,,
Pavtube Video Converter Ultimate Crack,Pavtube Video Converter Ultimate Crack,Pavtube Video Converter Ultimate Crack,,
Wifi Password Recovery Pro Crack,Wifi Password Recovery Pro Crack,Wifi Password Recovery Pro Crack,,
Viscosity Crack,Viscosity Crack,Viscosity Crack,,
G Data Total Protection Crack,G Data Total Protection Crack,G Data Total Protection Crack,,
Avira Phantom Vpn Pro Crack,Avira Phantom Vpn Pro Crack,Avira Phantom Vpn Pro Crack,,
Launchbox Premium Pc Crack,Launchbox Premium Pc Crack,Launchbox Premium Pc Crack,,
Winavi Video Converter Crack,Winavi Video Converter Crack,Winavi Video Converter Crack,,
Dxo Optics Pro Crack,Dxo Optics Pro Crack,Dxo Optics Pro Crack,,
Adina System Crack,Adina System Crack,Adina System Crack,,
Bootracer Premium Crack,Bootracer Premium Crack,Bootracer Premium Crack,,
Djay Pro Crack,Djay Pro Crack,Djay Pro Crack,,
Activepresenter Professional Crack,Activepresenter Professional Crack,Activepresenter Professional Crack,,
Proxy Switcher Pro Crack,Proxy Switcher Pro Crack,Proxy Switcher Pro Crack,,
Driveragent Plus Crack,Driveragent Plus Crack,Driveragent Plus Crack,,
Brorsoft Video Converter Crack,Brorsoft Video Converter Crack,Brorsoft Video Converter Crack,,
Razorsql Crack,Razorsql Crack,Razorsql Crack,,
Combofix Crack,Combofix Crack,Combofix Crack,,
Xsplit Broadcaster Crack,Xsplit Broadcaster Crack,Xsplit Broadcaster Crack,,
Xilisoft Audio Converter Pro Crack,Xilisoft Audio Converter Pro Crack,Xilisoft Audio Converter Pro Crack,,
Aquasnap Pro Crack,Aquasnap Pro Crack,Aquasnap Pro Crack,,
Aomei Onekey Recovery Pro Crack,Aomei Onekey Recovery Pro Crack,Aomei Onekey Recovery Pro Crack,,
Norton Internet Security Crack,Norton Internet Security Crack,Norton Internet Security Crack,,
Scrivener Crack,Scrivener Crack,Scrivener Crack,,
Glasswire Elite Crack,Glasswire Elite Crack,Glasswire Elite Crack,,
Aescripts Exte Crack,Aescripts Exte Crack,Aescripts Exte Crack,,
Iuwesoft File Eraser Pro Crack,Iuwesoft File Eraser Pro Crack,Iuwesoft File Eraser Pro Crack,,
Invideo Video Editor Crack,Invideo Video Editor Crack,Invideo Video Editor Crack,,
Tenorshare Icarefone Crack,Tenorshare Icarefone Crack,Tenorshare Icarefone Crack,,
Radiant Photo Crack,Radiant Photo Crack,Radiant Photo Crack,,
Roboform Pro Crack,Roboform Pro Crack,Roboform Pro Crack,,
Nch Mixpad Masters Edition Crack,Nch Mixpad Masters Edition Crack,Nch Mixpad Masters Edition Crack,,
Krisp Crack,Krisp Crack,Krisp Crack,,
Schoolhouse Test Pro Crack,Schoolhouse Test Pro Crack,Schoolhouse Test Pro Crack,,
Winntsetup Crack,Winntsetup Crack,Winntsetup Crack,,
Open Tax Solver Crack,Open Tax Solver Crack,Open Tax Solver Crack,,
Quickmemorytestok Crack,Quickmemorytestok Crack,Quickmemorytestok Crack,,
Dbf Converter Crack,Dbf Converter Crack,Dbf Converter Crack,,
Systemtools Hyena Crack,Systemtools Hyena Crack,Systemtools Hyena Crack,,
Vivaldi Crack,Vivaldi Crack,Vivaldi Crack,,
Passmark Osforensics Professional Crack,Passmark Osforensics Professional Crack,Passmark Osforensics Professional Crack,,
Archiwizard Crack,Archiwizard Crack,Archiwizard Crack,,
Jixipix Pastello Pro Crack,Jixipix Pastello Pro Crack,Jixipix Pastello Pro Crack,,
Myflipbook Pro Crack,Myflipbook Pro Crack,Myflipbook Pro Crack,,
Easeus Mobiunlock Crack,Easeus Mobiunlock Crack,Easeus Mobiunlock Crack,,
Yousician Crack,Yousician Crack,Yousician Crack,,
Csvfileview Crack,Csvfileview Crack,Csvfileview Crack,,
Borderlands Crack,Borderlands Crack,Borderlands Crack,,
Tarma Installmate Crack,Tarma Installmate Crack,Tarma Installmate Crack,,
Wondershare Fotophire Crack,Wondershare Fotophire Crack,Wondershare Fotophire Crack,,
Qownnotes Crack,Qownnotes Crack,Qownnotes Crack,,
Passport Photo Maker Crack,Passport Photo Maker Crack,Passport Photo Maker Crack,,
Tapinradio Pro Crack,Tapinradio Pro Crack,Tapinradio Pro Crack,,
Appcheck Pro Crack,Appcheck Pro Crack,Appcheck Pro Crack,,
Pokemon Go Crack,Pokemon Go Crack,Pokemon Go Crack,,
Harmony Assistant Crack,Harmony Assistant Crack,Harmony Assistant Crack,,
Sound Forge Pro Crack,Sound Forge Pro Crack,Sound Forge Pro Crack,,
Dslr Remote Pro Crack,Dslr Remote Pro Crack,Dslr Remote Pro Crack,,
File Viewer Plus Crack,File Viewer Plus Crack,File Viewer Plus Crack,,
Garden Planner Crack,Garden Planner Crack,Garden Planner Crack,,
Wincatalog Crack,Wincatalog Crack,Wincatalog Crack,,
Ulead Video Studio Crack,Ulead Video Studio Crack,Ulead Video Studio Crack,,
Sylenth1 Crack,Sylenth1 Crack,Sylenth1 Crack,,
Total Commandergen Crack,Total Commandergen Crack,Total Commandergen Crack,,
Abelssoft Pc Fresh Crack,Abelssoft Pc Fresh Crack,Abelssoft Pc Fresh Crack,,
Markdown Monster Crack,Markdown Monster Crack,Markdown Monster Crack,,
Windows Vista Crack,Windows Vista Crack,Windows Vista Crack,,
Notezilla Crack,Notezilla Crack,Notezilla Crack,,
Filemenu Tools Crack,Filemenu Tools Crack,Filemenu Tools Crack,,
Filelist Creator Crack,Filelist Creator Crack,Filelist Creator Crack,,
Vectorworks Crack,Vectorworks Crack,Vectorworks Crack,,
Yogadns Pro Crack,Yogadns Pro Crack,Yogadns Pro Crack,,
Native Instruments Massive Crack,Native Instruments Massive Crack,Native Instruments Massive Crack,,
Retail Man Pos Crack,Retail Man Pos Crack,Retail Man Pos Crack,,
Fbackup Crack,Fbackup Crack,Fbackup Crack,,
Mixpad Crack,Mixpad Crack,Mixpad Crack,,
Alldup Crack,Alldup Crack,Alldup Crack,,
Crystaldiskmark Crack,Crystaldiskmark Crack,Crystaldiskmark Crack,,
Avg Secure Vpn Crack,Avg Secure Vpn Crack,Avg Secure Vpn Crack,,
1tap Cleaner Pro Crack,1tap Cleaner Pro Crack,1tap Cleaner Pro Crack,,
Youtube Movie Maker Crack,Youtube Movie Maker Crack,Youtube Movie Maker Crack,,
Fort Firewall Crack,Fort Firewall Crack,Fort Firewall Crack,,
Edocprinter Pdf Pro Crack,Edocprinter Pdf Pro Crack,Edocprinter Pdf Pro Crack,,
Winx Mediatrans Crack,Winx Mediatrans Crack,Winx Mediatrans Crack,,
Imageglass Crack,Imageglass Crack,Imageglass Crack,,
Vovsoft Pdf Reader Crack,Vovsoft Pdf Reader Crack,Vovsoft Pdf Reader Crack,,
Dbf Converter Crack,Dbf Converter Crack,Dbf Converter Crack,,
Anime Studio Pro Crack,Anime Studio Pro Crack,Anime Studio Pro Crack,,
Beyond Compare Crack,Beyond Compare Crack,Beyond Compare Crack,,
Simplysync Backup Crack,Simplysync Backup Crack,Simplysync Backup Crack,,
M4vgear Drm Media Converter Crack,M4vgear Drm Media Converter Crack,M4vgear Drm Media Converter Crack,,
Macro Recorder Crack,Macro Recorder Crack,Macro Recorder Crack,,
Fonepaw Ios Unlocker Crack,Fonepaw Ios Unlocker Crack,Fonepaw Ios Unlocker Crack,,
Tvpaint Animation Pro Crack,Tvpaint Animation Pro Crack,Tvpaint Animation Pro Crack,,
Football Manager Crack,Football Manager Crack,Football Manager Crack,,
Universal Media Server Crack,Universal Media Server Crack,Universal Media Server Crack,,
Dragon Naturally Speaking Crack,Dragon Naturally Speaking Crack,Dragon Naturally Speaking Crack,,
Hard Disk Sentinel Pro Crack,Hard Disk Sentinel Pro Crack,Hard Disk Sentinel Pro Crack,,
Speedify Crack,Speedify Crack,Speedify Crack,,
Openvpn Crack,Openvpn Crack,Openvpn Crack,,
Netbalancer Crack,Netbalancer Crack,Netbalancer Crack,,
Gamemaker Studio Ultimate Crack,Gamemaker Studio Ultimate Crack,Gamemaker Studio Ultimate Crack,,
Bartender Crack,Bartender Crack,Bartender Crack,,
4k Stogram Portable Crack,4k Stogram Portable Crack,4k Stogram Portable Crack,,
Fireshot Pro Crack,Fireshot Pro Crack,Fireshot Pro Crack,,
Komodo Ide Crack,Komodo Ide Crack,Komodo Ide Crack,,
Dbpoweramp Video Converter Crack,Dbpoweramp Video Converter Crack,Dbpoweramp Video Converter Crack,,
Hide Me Vpn Crack,Hide Me Vpn Crack,Hide Me Vpn Crack,,
Devexpress Universal Complete Crack,Devexpress Universal Complete Crack,Devexpress Universal Complete Crack,,
Videosolo Video Converter Ultimate Crack,Videosolo Video Converter Ultimate Crack,Videosolo Video Converter Ultimate Crack,,
Diskgetor Data Recovery Crack,Diskgetor Data Recovery Crack,Diskgetor Data Recovery Crack,,
Steinberg Vst Live Pro Crack,Steinberg Vst Live Pro Crack,Steinberg Vst Live Pro Crack,,
Apeaksoft Video Editor Crack,Apeaksoft Video Editor Crack,Apeaksoft Video Editor Crack,,
Pycharm Professional Crack,Pycharm Professional Crack,Pycharm Professional Crack,,
Winlock Professional Crack,Winlock Professional Crack,Winlock Professional Crack,,
Uniblue Driverscanner Crack,Uniblue Driverscanner Crack,Uniblue Driverscanner Crack,,
Sketchup Pro Crack,Sketchup Pro Crack,Sketchup Pro Crack,,
Talkhelper Video Converter Crack,Talkhelper Video Converter Crack,Talkhelper Video Converter Crack,,
Adobe Photoshop Cc New Crack,Adobe Photoshop Cc New Crack,Adobe Photoshop Cc New Crack,,
Antares Autotune Pro Crack,Antares Autotune Pro Crack,Antares Autotune Pro Crack,,
Davinci Resolve Crack,Davinci Resolve Crack,Davinci Resolve Crack,,
Rosetta Stone Crack,Rosetta Stone Crack,Rosetta Stone Crack,,
Lucky Patcher Apk Crack,Lucky Patcher Apk Crack,Lucky Patcher Apk Crack,,
Burnintest Professional Crack,Burnintest Professional Crack,Burnintest Professional Crack,,
Photo Stamp Remover Crack,Photo Stamp Remover Crack,Photo Stamp Remover Crack,,
Simlab Composer Crack,Simlab Composer Crack,Simlab Composer Crack,,
Macrorit Partition Expert Crack,Macrorit Partition Expert Crack,Macrorit Partition Expert Crack,,
Wildbit Viewer Pro Crack,Wildbit Viewer Pro Crack,Wildbit Viewer Pro Crack,,
Wolfram Mathematica Crack,Wolfram Mathematica Crack,Wolfram Mathematica Crack,,
Wondershare Dvd Creator Crack,Wondershare Dvd Creator Crack,Wondershare Dvd Creator Crack,,
Prodad Vitascene Crack,Prodad Vitascene Crack,Prodad Vitascene Crack,,
Faasoft Video Converter Crack,Faasoft Video Converter Crack,Faasoft Video Converter Crack,,
Diskdigger Crack,Diskdigger Crack,Diskdigger Crack,,
Dvdvideosoft Crack,Dvdvideosoft Crack,Dvdvideosoft Crack,,
Flyvpn Crack,Flyvpn Crack,Flyvpn Crack,,
Vovsoft Retail Bar Crack,Vovsoft Retail Bar Crack,Vovsoft Retail Bar Crack,,
Touch Vpn Crack,Touch Vpn Crack,Touch Vpn Crack,,
Vipre Advanced Security Crack,Vipre Advanced Security Crack,Vipre Advanced Security Crack,,
Tweakbit Driver Updater Crack,Tweakbit Driver Updater Crack,Tweakbit Driver Updater Crack,,
Commview For Wifi Crack,Commview For Wifi Crack,Commview For Wifi Crack,,
Commview For Wifi 2 Crack,Commview For Wifi 2 Crack,Commview For Wifi 2 Crack,,
Yamicsoft Windows Crack,Yamicsoft Windows Crack,Yamicsoft Windows Crack,,
Coolmuster Heic Converter Crack,Coolmuster Heic Converter Crack,Coolmuster Heic Converter Crack,,
Filevoyager Crack,Filevoyager Crack,Filevoyager Crack,,
Darkwave Studio Crack,Darkwave Studio Crack,Darkwave Studio Crack,,
Parallels Toolbox Crack,Parallels Toolbox Crack,Parallels Toolbox Crack,,
Device Doctor Pro Crack,Device Doctor Pro Crack,Device Doctor Pro Crack,,
Tablacus Explorer Crack,Tablacus Explorer Crack,Tablacus Explorer Crack,,
Automize Enterprise Crack,Automize Enterprise Crack,Automize Enterprise Crack,,
Radiomaximus Pro Crack,Radiomaximus Pro Crack,Radiomaximus Pro Crack,,
Coolmuster Mobile Transfer Crack,Coolmuster Mobile Transfer Crack,Coolmuster Mobile Transfer Crack,,
Easyuefi Enterprise Crack,Easyuefi Enterprise Crack,Easyuefi Enterprise Crack,,
Classroom Spy Professional Crack,Classroom Spy Professional Crack,Classroom Spy Professional Crack,,
Perfecttunes Crack,Perfecttunes Crack,Perfecttunes Crack,,
Sublime Merge Crack,Sublime Merge Crack,Sublime Merge Crack,,
Evaer Video Recorder Skype Crack,Evaer Video Recorder Skype Crack,Evaer Video Recorder Skype Crack,,
Actcad Professional Crack,Actcad Professional Crack,Actcad Professional Crack,,
Text Editor Pro Crack,Text Editor Pro Crack,Text Editor Pro Crack,,
Anydvd Hd Crack,Anydvd Hd Crack,Anydvd Hd Crack,,
Advance Bulk Mailer Pro Crack,Advance Bulk Mailer Pro Crack,Advance Bulk Mailer Pro Crack,,
Geogebra Crack,Geogebra Crack,Geogebra Crack,,
Neuratron Audioscore Crack,Neuratron Audioscore Crack,Neuratron Audioscore Crack,,
Chief Architect Premier Crack,Chief Architect Premier Crack,Chief Architect Premier Crack,,
Sharp World Clock Crack,Sharp World Clock Crack,Sharp World Clock Crack,,
Technic Launcher Crack,Technic Launcher Crack,Technic Launcher Crack,,
Systweak Photos Recovery Crack,Systweak Photos Recovery Crack,Systweak Photos Recovery Crack,,
Posterino Crack,Posterino Crack,Posterino Crack,,
Wondershare Safeeraser Crack,Wondershare Safeeraser Crack,Wondershare Safeeraser Crack,,
Zhpdiag Crack,Zhpdiag Crack,Zhpdiag Crack,,
Ammyy Admin Crack,Ammyy Admin Crack,Ammyy Admin Crack,,
Cylance Smart Antivirus Crack,Cylance Smart Antivirus Crack,Cylance Smart Antivirus Crack,,
Newfiletime Crack,Newfiletime Crack,Newfiletime Crack,,
Windows Movie Maker Crack,Windows Movie Maker Crack,Windows Movie Maker Crack,,
Light Image Resizer Crack,Light Image Resizer Crack,Light Image Resizer Crack,,
Iskysoft Imedia Converter Deluxe Crack,Iskysoft Imedia Converter Deluxe Crack,Iskysoft Imedia Converter Deluxe Crack,,
Imtoo Video Converter Ultimate Crack,Imtoo Video Converter Ultimate Crack,Imtoo Video Converter Ultimate Crack,,
Keepvid Pro Crack,Keepvid Pro Crack,Keepvid Pro Crack,,
Do Your Data Recovery Pro Crack,Do Your Data Recovery Pro Crack,Do Your Data Recovery Pro Crack,,
Realplayer Crack,Realplayer Crack,Realplayer Crack,,
Jpegmini Pro Crack,Jpegmini Pro Crack,Jpegmini Pro Crack,,
Ipvanish Crack,Ipvanish Crack,Ipvanish Crack,,
Idoo Video Editor Pro Crack,Idoo Video Editor Pro Crack,Idoo Video Editor Pro Crack,,
Icloud Assistant Enterprise Crack,Icloud Assistant Enterprise Crack,Icloud Assistant Enterprise Crack,,
Liquid Rhythm Crack,Liquid Rhythm Crack,Liquid Rhythm Crack,,
Cfosspeed Crack,Cfosspeed Crack,Cfosspeed Crack,,
Simplemind Pro Crack,Simplemind Pro Crack,Simplemind Pro Crack,,
Imagiro Piano Crack,Imagiro Piano Crack,Imagiro Piano Crack,,
Tidytabs Professional Crack,Tidytabs Professional Crack,Tidytabs Professional Crack,,
Fast Video Cataloger Crack,Fast Video Cataloger Crack,Fast Video Cataloger Crack,,
Wsl Distro Manager Crack,Wsl Distro Manager Crack,Wsl Distro Manager Crack,,
Automatic Call Recorder Pro Crack,Automatic Call Recorder Pro Crack,Automatic Call Recorder Pro Crack,,
Waterfox Crack,Waterfox Crack,Waterfox Crack,,
Quickbooks Pro Crack,Quickbooks Pro Crack,Quickbooks Pro Crack,,
Avee Screen Recorder Crack,Avee Screen Recorder Crack,Avee Screen Recorder Crack,,
Clone Files Checker Crack,Clone Files Checker Crack,Clone Files Checker Crack,,
Airdroid Pro Crack,Airdroid Pro Crack,Airdroid Pro Crack,,
Bulk Image Er Crack,Bulk Image Er Crack,Bulk Image Er Crack,,
Steinberg Nuendo Crack,Steinberg Nuendo Crack,Steinberg Nuendo Crack,,
Password Depot Crack,Password Depot Crack,Password Depot Crack,,
Rockstar Games Launcher Crack,Rockstar Games Launcher Crack,Rockstar Games Launcher Crack,,
Pandora Recovery Crack,Pandora Recovery Crack,Pandora Recovery Crack,,
Nero Re Crack,Nero Re Crack,Nero Re Crack,,
Google Nik Collection Crack,Google Nik Collection Crack,Google Nik Collection Crack,,
Zenmate Vpn Premium Crack,Zenmate Vpn Premium Crack,Zenmate Vpn Premium Crack,,
Wonderfox Dvd Video Converter Crack,Wonderfox Dvd Video Converter Crack,Wonderfox Dvd Video Converter Crack,,
Screenhunter Pro Crack,Screenhunter Pro Crack,Screenhunter Pro Crack,,
Trend Micro Internet Security Crack,Trend Micro Internet Security Crack,Trend Micro Internet Security Crack,,
Kite Crack,Kite Crack,Kite Crack,,
Orange Defender Antivirus Crack,Orange Defender Antivirus Crack,Orange Defender Antivirus Crack,,
Trustport Antivirus Crack,Trustport Antivirus Crack,Trustport Antivirus Crack,,
Cyberghost Vpn Crack,Cyberghost Vpn Crack,Cyberghost Vpn Crack,,
Auslogics Registry Cleaner Pro Crack,Auslogics Registry Cleaner Pro Crack,Auslogics Registry Cleaner Pro Crack,,
Amoyshare Anyerase Pro Crack,Amoyshare Anyerase Pro Crack,Amoyshare Anyerase Pro Crack,,
Claris Filemaker Pro Crack,Claris Filemaker Pro Crack,Claris Filemaker Pro Crack,,
Maxon Cinema 4d Studio Crack,Maxon Cinema 4d Studio Crack,Maxon Cinema 4d Studio Crack,,
Vmware Workstation Pro Crack,Vmware Workstation Pro Crack,Vmware Workstation Pro Crack,,
Imgburn Crack,Imgburn Crack,Imgburn Crack,,
Forticlient Crack,Forticlient Crack,Forticlient Crack,,
Iso Workshop Professional Crack,Iso Workshop Professional Crack,Iso Workshop Professional Crack,,
Viwizard Audio Converter Crack,Viwizard Audio Converter Crack,Viwizard Audio Converter Crack,,
Artensoft Photo Collage Maker Pro Crack,Artensoft Photo Collage Maker Pro Crack,Artensoft Photo Collage Maker Pro Crack,,
Protonvpn Crack,Protonvpn Crack,Protonvpn Crack,,
Cinema 4dgen Crack,Cinema 4dgen Crack,Cinema 4dgen Crack,,
Piriform Recuva Pro Crack,Piriform Recuva Pro Crack,Piriform Recuva Pro Crack,,
Tuxler Vpn Crack,Tuxler Vpn Crack,Tuxler Vpn Crack,,
Letasoft Sound Booster Crack,Letasoft Sound Booster Crack,Letasoft Sound Booster Crack,,
Cpuid Hwmonitor Pro Crack,Cpuid Hwmonitor Pro Crack,Cpuid Hwmonitor Pro Crack,,
Prodot Antivirus Crack,Prodot Antivirus Crack,Prodot Antivirus Crack,,
Xpand Crack,Xpand Crack,Xpand Crack,,
M3 Data Recovery Crack,M3 Data Recovery Crack,M3 Data Recovery Crack,,
Photofiltre Studio X Crack,Photofiltre Studio X Crack,Photofiltre Studio X Crack,,
Imyfone Magicmic Crack,Imyfone Magicmic Crack,Imyfone Magicmic Crack,,
Systweak Disk Speedup Crack,Systweak Disk Speedup Crack,Systweak Disk Speedup Crack,,
Hdd Regenerator Crack,Hdd Regenerator Crack,Hdd Regenerator Crack,,
Yt Geek Ytd Pro Crack,Yt Geek Ytd Pro Crack,Yt Geek Ytd Pro Crack,,
Ashampoo Background Remover Crack,Ashampoo Background Remover Crack,Ashampoo Background Remover Crack,,
Spatial Manager Desktop Crack,Spatial Manager Desktop Crack,Spatial Manager Desktop Crack,,
Reel Audio Instruments Crack,Reel Audio Instruments Crack,Reel Audio Instruments Crack,,
Chrispc Vpn Connection Crack,Chrispc Vpn Connection Crack,Chrispc Vpn Connection Crack,,
Audiothing Effect Bundle Crack,Audiothing Effect Bundle Crack,Audiothing Effect Bundle Crack,,
Coaa Planeplotter Crack,Coaa Planeplotter Crack,Coaa Planeplotter Crack,,
Crow Translate Crack,Crow Translate Crack,Crow Translate Crack,,
Skanect Pro Crack,Skanect Pro Crack,Skanect Pro Crack,,
Eaglefiler Crack,Eaglefiler Crack,Eaglefiler Crack,,
Artioscad Crack,Artioscad Crack,Artioscad Crack,,
Edraw Max Crack,Edraw Max Crack,Edraw Max Crack,,
Getflv Pro Crack,Getflv Pro Crack,Getflv Pro Crack,,
Syncovery Pro Crack,Syncovery Pro Crack,Syncovery Pro Crack,,
Diskeeper Professional Crack,Diskeeper Professional Crack,Diskeeper Professional Crack,,
Multi Commander Crack,Multi Commander Crack,Multi Commander Crack,,
Anyburn Pro Crack,Anyburn Pro Crack,Anyburn Pro Crack,,
Pale Moon Crack,Pale Moon Crack,Pale Moon Crack,,
Techtool Pro Crack,Techtool Pro Crack,Techtool Pro Crack,,
Rocketcake Professional Crack,Rocketcake Professional Crack,Rocketcake Professional Crack,,
Apeaksoft Phone Mirror Crack,Apeaksoft Phone Mirror Crack,Apeaksoft Phone Mirror Crack,,
Garmin Express Crack,Garmin Express Crack,Garmin Express Crack,,
Olympia Graphic Design Crack,Olympia Graphic Design Crack,Olympia Graphic Design Crack,,
Printfab Pro Xl Crack,Printfab Pro Xl Crack,Printfab Pro Xl Crack,,
Wise Auto Shutdown Crack,Wise Auto Shutdown Crack,Wise Auto Shutdown Crack,,
Express Zip Plus Crack,Express Zip Plus Crack,Express Zip Plus Crack,,
Automatic Mouse Andboard Crack,Automatic Mouse Andboard Crack,Automatic Mouse Andboard Crack,,
Backup Maker Professional Crack,Backup Maker Professional Crack,Backup Maker Professional Crack,,
Dns Changer Crack,Dns Changer Crack,Dns Changer Crack,,
Wondershare Democreator Crack,Wondershare Democreator Crack,Wondershare Democreator Crack,,
Crownsoft Audio Repeater Pro Crack,Crownsoft Audio Repeater Pro Crack,Crownsoft Audio Repeater Pro Crack,,
Windynamicdesktop Crack,Windynamicdesktop Crack,Windynamicdesktop Crack,,
Uc Browser Crack,Uc Browser Crack,Uc Browser Crack,,
Plexim Plecs Standalone Crack,Plexim Plecs Standalone Crack,Plexim Plecs Standalone Crack,,
Stardock Windowblinds Crack,Stardock Windowblinds Crack,Stardock Windowblinds Crack,,
Templatetoaster Crack,Templatetoaster Crack,Templatetoaster Crack,,
Hetman Uneraser Crack,Hetman Uneraser Crack,Hetman Uneraser Crack,,
Tableau Desktop Crack,Tableau Desktop Crack,Tableau Desktop Crack,,
Easy Gif Animator Crack,Easy Gif Animator Crack,Easy Gif Animator Crack,,
Microsoft Edge Remover Crack,Microsoft Edge Remover Crack,Microsoft Edge Remover Crack,,
Black Menu For Google Crack,Black Menu For Google Crack,Black Menu For Google Crack,,
Adobe Flash Player Crack,Adobe Flash Player Crack,Adobe Flash Player Crack,,
Anvsoft Syncios Data Crack,Anvsoft Syncios Data Crack,Anvsoft Syncios Data Crack,,
Color Efex Pro Crack,Color Efex Pro Crack,Color Efex Pro Crack,,
Usb Safely Remove Crack,Usb Safely Remove Crack,Usb Safely Remove Crack,,
Kanto Player Professional Crack,Kanto Player Professional Crack,Kanto Player Professional Crack,,
Comfy File Recovery Crack,Comfy File Recovery Crack,Comfy File Recovery Crack,,
Vso Convertxtodvd Crack,Vso Convertxtodvd Crack,Vso Convertxtodvd Crack,,
Aiseesoft Screen Recorder Crack,Aiseesoft Screen Recorder Crack,Aiseesoft Screen Recorder Crack,,
Nch Picopdf Plus Crack,Nch Picopdf Plus Crack,Nch Picopdf Plus Crack,,
Abelssoft Gclean Crack,Abelssoft Gclean Crack,Abelssoft Gclean Crack,,
Mcafee Stinger Crack,Mcafee Stinger Crack,Mcafee Stinger Crack,,
Em Client Pro Crack,Em Client Pro Crack,Em Client Pro Crack,,
Rootsmagic Crack,Rootsmagic Crack,Rootsmagic Crack,,
Buzzbundle Crack,Buzzbundle Crack,Buzzbundle Crack,,
Explorerpatcher Crack,Explorerpatcher Crack,Explorerpatcher Crack,,
Sponsorblock Crack,Sponsorblock Crack,Sponsorblock Crack,,
Agisoft Metashape Crack,Agisoft Metashape Crack,Agisoft Metashape Crack,,
Kls Backup Professional Crack,Kls Backup Professional Crack,Kls Backup Professional Crack,,
Anytime Organizer Deluxe Crack,Anytime Organizer Deluxe Crack,Anytime Organizer Deluxe Crack,,
My Notes Keeper Crack,My Notes Keeper Crack,My Notes Keeper Crack,,
Gilisoft Exe Lock Crack,Gilisoft Exe Lock Crack,Gilisoft Exe Lock Crack,,
Winarchiver Pro Crack,Winarchiver Pro Crack,Winarchiver Pro Crack,,
Yt Saver Crack,Yt Saver Crack,Yt Saver Crack,,
Desktopsnowok Crack,Desktopsnowok Crack,Desktopsnowok Crack,,
Toonboom Storyboard Pro Crack,Toonboom Storyboard Pro Crack,Toonboom Storyboard Pro Crack,,
Pixelover Crack,Pixelover Crack,Pixelover Crack,,
Aseprite Crack,Aseprite Crack,Aseprite Crack,,
Coolmuster Android Assistant Crack,Coolmuster Android Assistant Crack,Coolmuster Android Assistant Crack,,
Typebutler Crack,Typebutler Crack,Typebutler Crack,,
Bluetooth Finder Crack,Bluetooth Finder Crack,Bluetooth Finder Crack,,
Imdisk Toolkit Crack,Imdisk Toolkit Crack,Imdisk Toolkit Crack,,
Fixmestick Crack,Fixmestick Crack,Fixmestick Crack,,
Xilisoft Iphone Transfer Crack,Xilisoft Iphone Transfer Crack,Xilisoft Iphone Transfer Crack,,
Google Drive Crack,Google Drive Crack,Google Drive Crack,,
Devonthink Pro Crack,Devonthink Pro Crack,Devonthink Pro Crack,,
Speccy Professional Crack,Speccy Professional Crack,Speccy Professional Crack,,
Zd Soft Screen Recorder Crack,Zd Soft Screen Recorder Crack,Zd Soft Screen Recorder Crack,,
Fabfilter Total Bundle Crack,Fabfilter Total Bundle Crack,Fabfilter Total Bundle Crack,,
Droidjack Crack,Droidjack Crack,Droidjack Crack,,
Arcade Output Crack,Arcade Output Crack,Arcade Output Crack,,
Drmare M4v Converter Crack,Drmare M4v Converter Crack,Drmare M4v Converter Crack,,
Autodesk Civil 3d Crack,Autodesk Civil 3d Crack,Autodesk Civil 3d Crack,,
Piranha Box Crack,Piranha Box Crack,Piranha Box Crack,,
Pdf Eraser Pro Crack,Pdf Eraser Pro Crack,Pdf Eraser Pro Crack,,
Advanced Renamer Crack,Advanced Renamer Crack,Advanced Renamer Crack,,
Aiseesoft Heic Converter Crack,Aiseesoft Heic Converter Crack,Aiseesoft Heic Converter Crack,,
Photodiva Crack,Photodiva Crack,Photodiva Crack,,
Edge Blocker Crack,Edge Blocker Crack,Edge Blocker Crack,,
Voxal Voice Changer Crack,Voxal Voice Changer Crack,Voxal Voice Changer Crack,,
Purebasic Crack,Purebasic Crack,Purebasic Crack,,
Biosolveit Seesar Crack,Biosolveit Seesar Crack,Biosolveit Seesar Crack,,
Google Chrome Crack,Google Chrome Crack,Google Chrome Crack,,
Autoplay Media Studio Crack,Autoplay Media Studio Crack,Autoplay Media Studio Crack,,
Duplicate Files Fixer Pro Crack,Duplicate Files Fixer Pro Crack,Duplicate Files Fixer Pro Crack,,
Driverdoc Pro Crack,Driverdoc Pro Crack,Driverdoc Pro Crack,,
Steinberg Wavelab Pro Crack,Steinberg Wavelab Pro Crack,Steinberg Wavelab Pro Crack,,
Phpmaker Crack,Phpmaker Crack,Phpmaker Crack,,
Secure Eraser Professional Crack,Secure Eraser Professional Crack,Secure Eraser Professional Crack,,
Apowerpdf Crack,Apowerpdf Crack,Apowerpdf Crack,,
Bitrecover Eml Converter Crack,Bitrecover Eml Converter Crack,Bitrecover Eml Converter Crack,,
Webcam Surveyor Crack,Webcam Surveyor Crack,Webcam Surveyor Crack,,
Slimbrowser Crack,Slimbrowser Crack,Slimbrowser Crack,,
Usb Drive Letter Manager Crack,Usb Drive Letter Manager Crack,Usb Drive Letter Manager Crack,,
Filecenter Professional Crack,Filecenter Professional Crack,Filecenter Professional Crack,,
Irfanview Crack,Irfanview Crack,Irfanview Crack,,
Vcap Er Pro Crack,Vcap Er Pro Crack,Vcap Er Pro Crack,,
Autorun Organizer Crack,Autorun Organizer Crack,Autorun Organizer Crack,,
Picturestoexe Deluxe Crack,Picturestoexe Deluxe Crack,Picturestoexe Deluxe Crack,,
Dbschema Pro Crack,Dbschema Pro Crack,Dbschema Pro Crack,,
Seemusic Pro Crack,Seemusic Pro Crack,Seemusic Pro Crack,,
Parallels Desktop S Crack,Parallels Desktop S Crack,Parallels Desktop S Crack,,
Vocaloid Crack,Vocaloid Crack,Vocaloid Crack,,
Uvk Ultra Virus Killer Crack,Uvk Ultra Virus Killer Crack,Uvk Ultra Virus Killer Crack,,
Wintoflash Professional Crack,Wintoflash Professional Crack,Wintoflash Professional Crack,,
Imagegrab Crack,Imagegrab Crack,Imagegrab Crack,,
Intraweb Ultimate Crack,Intraweb Ultimate Crack,Intraweb Ultimate Crack,,
File Investigator Tools Crack,File Investigator Tools Crack,File Investigator Tools Crack,,
Quarkxpress Crack,Quarkxpress Crack,Quarkxpress Crack,,
Slimcleaner Plus Crack,Slimcleaner Plus Crack,Slimcleaner Plus Crack,,
Isunshare Clonego Crack,Isunshare Clonego Crack,Isunshare Clonego Crack,,
Pdf Studio Viewer Crack,Pdf Studio Viewer Crack,Pdf Studio Viewer Crack,,
Waves Ultimate Crack,Waves Ultimate Crack,Waves Ultimate Crack,,
Ultra Fractal Crack,Ultra Fractal Crack,Ultra Fractal Crack,,
Astro Panel Pro Crack,Astro Panel Pro Crack,Astro Panel Pro Crack,,
Imageranger Pro Edition Crack,Imageranger Pro Edition Crack,Imageranger Pro Edition Crack,,
Gilisoft Copy Protect Crack,Gilisoft Copy Protect Crack,Gilisoft Copy Protect Crack,,
Hoptodesk Crack,Hoptodesk Crack,Hoptodesk Crack,,
Arturia Fx Collection Crack,Arturia Fx Collection Crack,Arturia Fx Collection Crack,,
Aiseesoft 3d Converter Crack,Aiseesoft 3d Converter Crack,Aiseesoft 3d Converter Crack,,
Mpv Easy Player Crack,Mpv Easy Player Crack,Mpv Easy Player Crack,,
Driverfinder Pro Crack,Driverfinder Pro Crack,Driverfinder Pro Crack,,
Filmworkz Phoenix Crack,Filmworkz Phoenix Crack,Filmworkz Phoenix Crack,,
Clickcharts Pro Crack,Clickcharts Pro Crack,Clickcharts Pro Crack,,
Voodooshield Pro Crack,Voodooshield Pro Crack,Voodooshield Pro Crack,,
Cherryplayer Crack,Cherryplayer Crack,Cherryplayer Crack,,
Dvdfab Player Ultra Crack,Dvdfab Player Ultra Crack,Dvdfab Player Ultra Crack,,
Tweakpower Crack,Tweakpower Crack,Tweakpower Crack,,
Monitorian Crack,Monitorian Crack,Monitorian Crack,,
Alfaobd Crack,Alfaobd Crack,Alfaobd Crack,,
Pixelflasher Crack,Pixelflasher Crack,Pixelflasher Crack,,
Passper For Excel Crack,Passper For Excel Crack,Passper For Excel Crack,,
Irix Hdr Classic Pro Crack,Irix Hdr Classic Pro Crack,Irix Hdr Classic Pro Crack,,
Lumenzia Crack,Lumenzia Crack,Lumenzia Crack,,
Internettest Pro Crack,Internettest Pro Crack,Internettest Pro Crack,,
Keyshot Pro Crack,Keyshot Pro Crack,Keyshot Pro Crack,,
Magix Samplitude Pro X8 Suite Crack,Magix Samplitude Pro X8 Suite Crack,Magix Samplitude Pro X8 Suite Crack,,
Wizflow Flowcharter Crack,Wizflow Flowcharter Crack,Wizflow Flowcharter Crack,,
Pix4dmapper Crack,Pix4dmapper Crack,Pix4dmapper Crack,,
Pvs Studio Crack,Pvs Studio Crack,Pvs Studio Crack,,
Stereoscopic Player Crack,Stereoscopic Player Crack,Stereoscopic Player Crack,,
Xltools Crack,Xltools Crack,Xltools Crack,,
Cloudmounter Crack,Cloudmounter Crack,Cloudmounter Crack,,
Bondware Poser Pro Crack,Bondware Poser Pro Crack,Bondware Poser Pro Crack,,
Virtualbox Crack,Virtualbox Crack,Virtualbox Crack,,
Universal Document Converter Crack,Universal Document Converter Crack,Universal Document Converter Crack,,
Sound Theory Gullfoss Crack,Sound Theory Gullfoss Crack,Sound Theory Gullfoss Crack,,
Vce Exam Simulator Crack,Vce Exam Simulator Crack,Vce Exam Simulator Crack,,
Forza Horizon Crack,Forza Horizon Crack,Forza Horizon Crack,,
Magic Photo Recovery Crack,Magic Photo Recovery Crack,Magic Photo Recovery Crack,,
Adaware Antivirus Pro Crack,Adaware Antivirus Pro Crack,Adaware Antivirus Pro Crack,,
Serif Affinity Publisher Crack,Serif Affinity Publisher Crack,Serif Affinity Publisher Crack,,
Regclean Pro Crack,Regclean Pro Crack,Regclean Pro Crack,,
Office Tool Plus Crack,Office Tool Plus Crack,Office Tool Plus Crack,,
Fotojet Designer Crack,Fotojet Designer Crack,Fotojet Designer Crack,,
Cutting Planner Pro Crack,Cutting Planner Pro Crack,Cutting Planner Pro Crack,,
3delite Mp4 Stream Editor Crack,3delite Mp4 Stream Editor Crack,3delite Mp4 Stream Editor Crack,,
Xlight Ftp Server Pro Crack,Xlight Ftp Server Pro Crack,Xlight Ftp Server Pro Crack,,
Perfect Backup Crack,Perfect Backup Crack,Perfect Backup Crack,,
Bitwig Studio Crack,Bitwig Studio Crack,Bitwig Studio Crack,,
Logyx Pack Crack,Logyx Pack Crack,Logyx Pack Crack,,
Revoice Pro Crack,Revoice Pro Crack,Revoice Pro Crack,,
Aio Boot Crack,Aio Boot Crack,Aio Boot Crack,,
Avira System Speedup Pro Crack,Avira System Speedup Pro Crack,Avira System Speedup Pro Crack,,
Id Photos Pro Crack,Id Photos Pro Crack,Id Photos Pro Crack,,
Zebra Cardstudio Crack,Zebra Cardstudio Crack,Zebra Cardstudio Crack,,
Multios Usb Crack,Multios Usb Crack,Multios Usb Crack,,
Sugar Bytes Unique Crack,Sugar Bytes Unique Crack,Sugar Bytes Unique Crack,,
Monkey Office Pro Crack,Monkey Office Pro Crack,Monkey Office Pro Crack,,
Windfinder Crack,Windfinder Crack,Windfinder Crack,,
Checkmail Crack,Checkmail Crack,Checkmail Crack,,
Acunetix Crack,Acunetix Crack,Acunetix Crack,,
Facegen Artist Pro Crack,Facegen Artist Pro Crack,Facegen Artist Pro Crack,,
Mp3jam Crack,Mp3jam Crack,Mp3jam Crack,,
Webdrive Enterprise Crack,Webdrive Enterprise Crack,Webdrive Enterprise Crack,,
Openaudible Crack,Openaudible Crack,Openaudible Crack,,
Keyword Researcher Pro Crack,Keyword Researcher Pro Crack,Keyword Researcher Pro Crack,,
Vovsoft Hide Files Crack,Vovsoft Hide Files Crack,Vovsoft Hide Files Crack,,
Money Pro Crack,Money Pro Crack,Money Pro Crack,,
Ccboot Crack,Ccboot Crack,Ccboot Crack,,
Marvelous Designer Crack,Marvelous Designer Crack,Marvelous Designer Crack,,
Privacy Eraser Pro Crack,Privacy Eraser Pro Crack,Privacy Eraser Pro Crack,,
Motu Digital Performer Crack,Motu Digital Performer Crack,Motu Digital Performer Crack,,
Ef Autosync Crack,Ef Autosync Crack,Ef Autosync Crack,,
Iperius Backup Crack,Iperius Backup Crack,Iperius Backup Crack,,
Phpmyadmin Crack,Phpmyadmin Crack,Phpmyadmin Crack,,
Make Mks Crack,Make Mks Crack,Make Mks Crack,,
Outbyte Antivirus Crack,Outbyte Antivirus Crack,Outbyte Antivirus Crack,,
Macrorit Data Wiper Crack,Macrorit Data Wiper Crack,Macrorit Data Wiper Crack,,
Wm Capture Crack,Wm Capture Crack,Wm Capture Crack,,
Adobe Pagemaker Crack,Adobe Pagemaker Crack,Adobe Pagemaker Crack,,
Megacubo Crack,Megacubo Crack,Megacubo Crack,,
Tableplus Crack,Tableplus Crack,Tableplus Crack,,
Skip Uac Prompt Crack,Skip Uac Prompt Crack,Skip Uac Prompt Crack,,
Vidmore Screen Recorder Crack,Vidmore Screen Recorder Crack,Vidmore Screen Recorder Crack,,
Steganos Privacy Suite Crack,Steganos Privacy Suite Crack,Steganos Privacy Suite Crack,,
Babylon Pro Ng Crack,Babylon Pro Ng Crack,Babylon Pro Ng Crack,,
Moview Video Mosaic Player Crack,Moview Video Mosaic Player Crack,Moview Video Mosaic Player Crack,,
Google Duo Crack,Google Duo Crack,Google Duo Crack,,
Imindmap Pro Crack,Imindmap Pro Crack,Imindmap Pro Crack,,
Imyfone Anyrecover Crack,Imyfone Anyrecover Crack,Imyfone Anyrecover Crack,,
Global Mapper Crack,Global Mapper Crack,Global Mapper Crack,,
Pdf Candy Desktop Pro Crack,Pdf Candy Desktop Pro Crack,Pdf Candy Desktop Pro Crack,,
Neoer Crack,Neoer Crack,Neoer Crack,,
Flying Logic Pro Crack,Flying Logic Pro Crack,Flying Logic Pro Crack,,
Studioline Photo Pro Crack,Studioline Photo Pro Crack,Studioline Photo Pro Crack,,
Valentina Studio Pro Crack,Valentina Studio Pro Crack,Valentina Studio Pro Crack,,
Fonedog Data Recovery Crack,Fonedog Data Recovery Crack,Fonedog Data Recovery Crack,,
Smart Driver Manager Crack,Smart Driver Manager Crack,Smart Driver Manager Crack,,
Ultimaker Cura Crack,Ultimaker Cura Crack,Ultimaker Cura Crack,,
Absolute Uninstaller Crack,Absolute Uninstaller Crack,Absolute Uninstaller Crack,,
Drmare Spotify Music Converter Crack,Drmare Spotify Music Converter Crack,Drmare Spotify Music Converter Crack,,
Bbedit Crack,Bbedit Crack,Bbedit Crack,,
Desktopok Crack,Desktopok Crack,Desktopok Crack,,
Hdcleaner Crack,Hdcleaner Crack,Hdcleaner Crack,,
Internet Cyclone Crack,Internet Cyclone Crack,Internet Cyclone Crack,,
Zemax Opticstudio Crack,Zemax Opticstudio Crack,Zemax Opticstudio Crack,,
Joytokey Crack,Joytokey Crack,Joytokey Crack,,
Securecrt Crack,Securecrt Crack,Securecrt Crack,,
Easeus Recexperts Pro Crack,Easeus Recexperts Pro Crack,Easeus Recexperts Pro Crack,,
Syntheyes Pro Crack,Syntheyes Pro Crack,Syntheyes Pro Crack,,
Ab Bulk Mailer Corporate Crack,Ab Bulk Mailer Corporate Crack,Ab Bulk Mailer Corporate Crack,,
Fonedog Toolkit For Ios Crack,Fonedog Toolkit For Ios Crack,Fonedog Toolkit For Ios Crack,,
Wave Arts Multidynamics Crack,Wave Arts Multidynamics Crack,Wave Arts Multidynamics Crack,,
Lockxls Crack,Lockxls Crack,Lockxls Crack,,
Right Click Uninstall Crack,Right Click Uninstall Crack,Right Click Uninstall Crack,,
Portscan Stuff Crack,Portscan Stuff Crack,Portscan Stuff Crack,,
Exportizer Enterprise Crack,Exportizer Enterprise Crack,Exportizer Enterprise Crack,,
Camworks Crack,Camworks Crack,Camworks Crack,,
Zonealarm Extreme Security Crack,Zonealarm Extreme Security Crack,Zonealarm Extreme Security Crack,,
Saola Animate Professional Crack,Saola Animate Professional Crack,Saola Animate Professional Crack,,
Hasleo Bitlocker Anywhere Crack,Hasleo Bitlocker Anywhere Crack,Hasleo Bitlocker Anywhere Crack,,
Winsnap Crack,Winsnap Crack,Winsnap Crack,,
Goldwave Crack,Goldwave Crack,Goldwave Crack,,
Youtube Music Er Crack,Youtube Music Er Crack,Youtube Music Er Crack,,
Acdsee Photo Editor Crack,Acdsee Photo Editor Crack,Acdsee Photo Editor Crack,,
Star Watermark Professional Crack,Star Watermark Professional Crack,Star Watermark Professional Crack,,
Youcam Makeup Pro Crack,Youcam Makeup Pro Crack,Youcam Makeup Pro Crack,,
Clion Crack,Clion Crack,Clion Crack,,
Musiclab Realrickcrack Crack,Musiclab Realrickcrack Crack,Musiclab Realrickcrack Crack,,
Anyrec Screen Recorder Crack,Anyrec Screen Recorder Crack,Anyrec Screen Recorder Crack,,
Stopwinupdates Crack,Stopwinupdates Crack,Stopwinupdates Crack,,
Airmypc Crack,Airmypc Crack,Airmypc Crack,,
Linkassistant Crack,Linkassistant Crack,Linkassistant Crack,,
Abelssoft Screenvideo Crack,Abelssoft Screenvideo Crack,Abelssoft Screenvideo Crack,,
Nsasoft Product Explorer Crack,Nsasoft Product Explorer Crack,Nsasoft Product Explorer Crack,,
Yum Audio Extractor Crack,Yum Audio Extractor Crack,Yum Audio Extractor Crack,,
Gsm Aladdin Crack,Gsm Aladdin Crack,Gsm Aladdin Crack,,
Apptrans Pro Crack,Apptrans Pro Crack,Apptrans Pro Crack,,
Havij Pro Crack,Havij Pro Crack,Havij Pro Crack,,
Family Tree Builder Crack,Family Tree Builder Crack,Family Tree Builder Crack,,
Renee Becca Crack,Renee Becca Crack,Renee Becca Crack,,
Ocenaudio Crack,Ocenaudio Crack,Ocenaudio Crack,,
Rj Texted Crack,Rj Texted Crack,Rj Texted Crack,,
Vmware Horizon Crack,Vmware Horizon Crack,Vmware Horizon Crack,,
Dbeaver Crack,Dbeaver Crack,Dbeaver Crack,,
Bforartists Crack,Bforartists Crack,Bforartists Crack,,
Taskschedulerview Crack,Taskschedulerview Crack,Taskschedulerview Crack,,
Mipony Pro Crack,Mipony Pro Crack,Mipony Pro Crack,,
Roxio Easy Vhs To Dvd Plus Crack,Roxio Easy Vhs To Dvd Plus Crack,Roxio Easy Vhs To Dvd Plus Crack,,
Smartsystemmenu Crack,Smartsystemmenu Crack,Smartsystemmenu Crack,,
Abelssoft Photoboost Crack,Abelssoft Photoboost Crack,Abelssoft Photoboost Crack,,
Seagate Toolkit Crack,Seagate Toolkit Crack,Seagate Toolkit Crack,,
Medcalc 2 Crack,Medcalc 2 Crack,Medcalc 2 Crack,,
Acronis Snap Deploy Crack,Acronis Snap Deploy Crack,Acronis Snap Deploy Crack,,
Emby Premiere Crack,Emby Premiere Crack,Emby Premiere Crack,,
Shaperbox Crack,Shaperbox Crack,Shaperbox Crack,,
Ascomp F Rename Professional Crack,Ascomp F Rename Professional Crack,Ascomp F Rename Professional Crack,,
Oo Safeerase Professional Crack,Oo Safeerase Professional Crack,Oo Safeerase Professional Crack,,
Fonesgo Iphone Unlocker Crack,Fonesgo Iphone Unlocker Crack,Fonesgo Iphone Unlocker Crack,,
Wondershare Tunesgo Crack,Wondershare Tunesgo Crack,Wondershare Tunesgo Crack,,
Driverhub Crack,Driverhub Crack,Driverhub Crack,,
Chessbase Crack,Chessbase Crack,Chessbase Crack,,
Drive Snapshot Crack,Drive Snapshot Crack,Drive Snapshot Crack,,
Slimdrivers Crack,Slimdrivers Crack,Slimdrivers Crack,,
Nuance Power Pdf Advanced Crack,Nuance Power Pdf Advanced Crack,Nuance Power Pdf Advanced Crack,,
Anytoiso Professional Crack,Anytoiso Professional Crack,Anytoiso Professional Crack,,
Explorermax Crack,Explorermax Crack,Explorermax Crack,,
Treesize Professional Crack,Treesize Professional Crack,Treesize Professional Crack,,
Wipersoft Crack,Wipersoft Crack,Wipersoft Crack,,
Color Finale Pro Crack,Color Finale Pro Crack,Color Finale Pro Crack,,
Camscanner Pdf Creator Crack,Camscanner Pdf Creator Crack,Camscanner Pdf Creator Crack,,
Gillmeister Rename Expert Crack,Gillmeister Rename Expert Crack,Gillmeister Rename Expert Crack,,
Brickaizer Crack,Brickaizer Crack,Brickaizer Crack,,
Train Simulator Crack,Train Simulator Crack,Train Simulator Crack,,
Tekla Structures Crack,Tekla Structures Crack,Tekla Structures Crack,,
Shades Tweaker Crack,Shades Tweaker Crack,Shades Tweaker Crack,,
Bleass Fusion Crack,Bleass Fusion Crack,Bleass Fusion Crack,,
Gburner Pro Crack,Gburner Pro Crack,Gburner Pro Crack,,
Ablebits Ultimate Suite For Excel Crack,Ablebits Ultimate Suite For Excel Crack,Ablebits Ultimate Suite For Excel Crack,,
Dvbviewer Pro Crack,Dvbviewer Pro Crack,Dvbviewer Pro Crack,,
Easeus Bitwiper Pro Crack,Easeus Bitwiper Pro Crack,Easeus Bitwiper Pro Crack,,
Reboot Restore Rx Pro Crack,Reboot Restore Rx Pro Crack,Reboot Restore Rx Pro Crack,,
Easeus Mobimover Pro Crack,Easeus Mobimover Pro Crack,Easeus Mobimover Pro Crack,,
Nikon Camera Control Pro Crack,Nikon Camera Control Pro Crack,Nikon Camera Control Pro Crack,,
Macx Video Converter Pro Crack,Macx Video Converter Pro Crack,Macx Video Converter Pro Crack,,
Flixgrab Premium Crack,Flixgrab Premium Crack,Flixgrab Premium Crack,,
Mamp Pro Crack,Mamp Pro Crack,Mamp Pro Crack,,
Vip Video Converter Crack,Vip Video Converter Crack,Vip Video Converter Crack,,
Acronis True Image Crack,Acronis True Image Crack,Acronis True Image Crack,,
Icare Data Recovery Crack,Icare Data Recovery Crack,Icare Data Recovery Crack,,
Vipre Antivirus Crack,Vipre Antivirus Crack,Vipre Antivirus Crack,,
Alcohol 120 Crack,Alcohol 120 Crack,Alcohol 120 Crack,,
Windows 11 Activator Crack,Windows 11 Activator Crack,Windows 11 Activator Crack,,
Primo Iphone Data Recovery Crack,Primo Iphone Data Recovery Crack,Primo Iphone Data Recovery Crack,,
Tunnelbear Vpn Crack,Tunnelbear Vpn Crack,Tunnelbear Vpn Crack,,
Panda Vpn Crack,Panda Vpn Crack,Panda Vpn Crack,,
Ninite Pro Crack,Ninite Pro Crack,Ninite Pro Crack,,
Total Video Converter Crack,Total Video Converter Crack,Total Video Converter Crack,,
Drivermax Pro Crack,Drivermax Pro Crack,Drivermax Pro Crack,,
Jewelcad Pro Crack,Jewelcad Pro Crack,Jewelcad Pro Crack,,
Voicemod Pro Crack,Voicemod Pro Crack,Voicemod Pro Crack,,
Bandizip Professional Crack,Bandizip Professional Crack,Bandizip Professional Crack,,
Ashampoo Winoptimizer Crack,Ashampoo Winoptimizer Crack,Ashampoo Winoptimizer Crack,,
Https Shanpc Com Dr Fone Crack,Https Shanpc Com Dr Fone Crack,Https Shanpc Com Dr Fone Crack,,
Corel Videostudio Ultimate Crack,Corel Videostudio Ultimate Crack,Corel Videostudio Ultimate Crack,,
Mindomo Desktop Crack,Mindomo Desktop Crack,Mindomo Desktop Crack,,
Microsoft Toolkit Crack,Microsoft Toolkit Crack,Microsoft Toolkit Crack,,
Asmwsoft Pc Optimizer Crack,Asmwsoft Pc Optimizer Crack,Asmwsoft Pc Optimizer Crack,,
Trisun Pdf To Jpg Crack,Trisun Pdf To Jpg Crack,Trisun Pdf To Jpg Crack,,
Spyhunter 5 Mac Torrent Newest Crack,Spyhunter 5 Mac Torrent Newest Crack,Spyhunter 5 Mac Torrent Newest Crack,,
Jihosoft File Recovery Crack,Jihosoft File Recovery Crack,Jihosoft File Recovery Crack,,
Bricsys Bricscad Catia Crack,Bricsys Bricscad Catia Crack,Bricsys Bricscad Catia Crack,,
Lastpass Password Manager Crack,Lastpass Password Manager Crack,Lastpass Password Manager Crack,,
Earth Alerts Crack,Earth Alerts Crack,Earth Alerts Crack,,
Memtest86 Pro Crack,Memtest86 Pro Crack,Memtest86 Pro Crack,,
Airmail Crack,Airmail Crack,Airmail Crack,,
Rdpguard Crack,Rdpguard Crack,Rdpguard Crack,,
Mobikin Transfer For Mobile Crack,Mobikin Transfer For Mobile Crack,Mobikin Transfer For Mobile Crack,,
Splitcam Crack,Splitcam Crack,Splitcam Crack,,
Maccleanse Crack,Maccleanse Crack,Maccleanse Crack,,
Toontrack Ezbass Crack,Toontrack Ezbass Crack,Toontrack Ezbass Crack,,
Ardamaxlogger Crack,Ardamaxlogger Crack,Ardamaxlogger Crack,,
Glary Tracks Eraser Crack,Glary Tracks Eraser Crack,Glary Tracks Eraser Crack,,
Glarysoft File Recovery Pro Crack,Glarysoft File Recovery Pro Crack,Glarysoft File Recovery Pro Crack,,
Llblgen Pro Crack,Llblgen Pro Crack,Llblgen Pro Crack,,
Fontlab Studio Crack,Fontlab Studio Crack,Fontlab Studio Crack,,
Skinfiner Crack,Skinfiner Crack,Skinfiner Crack,,
Picture Window Pro Crack,Picture Window Pro Crack,Picture Window Pro Crack,,
Abbyy Finereader Crack,Abbyy Finereader Crack,Abbyy Finereader Crack,,
Iboysoft Data Recovery Crack,Iboysoft Data Recovery Crack,Iboysoft Data Recovery Crack,,
Wtfast Crack,Wtfast Crack,Wtfast Crack,,
Razer Surround Pro Crack,Razer Surround Pro Crack,Razer Surround Pro Crack,,
Minitool Power Data Recovery Crack,Minitool Power Data Recovery Crack,Minitool Power Data Recovery Crack,,
Vocal Remover Pro Crack,Vocal Remover Pro Crack,Vocal Remover Pro Crack,,
Mudfish Vpn Crack,Mudfish Vpn Crack,Mudfish Vpn Crack,,
Algoriddim Neural Mix Pro Crack,Algoriddim Neural Mix Pro Crack,Algoriddim Neural Mix Pro Crack,,
Systweak Antivirus Premium Crack,Systweak Antivirus Premium Crack,Systweak Antivirus Premium Crack,,
Wondershare Allmytube Crack,Wondershare Allmytube Crack,Wondershare Allmytube Crack,,
Ptc Mathcad Prime Crack,Ptc Mathcad Prime Crack,Ptc Mathcad Prime Crack,,
Auslogics Boostspeed Pro Crack,Auslogics Boostspeed Pro Crack,Auslogics Boostspeed Pro Crack,,
Decsoft App Builder Crack,Decsoft App Builder Crack,Decsoft App Builder Crack,,
Deep Ze Standard Crack,Deep Ze Standard Crack,Deep Ze Standard Crack,,
Wondershare Mobiletrans Crack,Wondershare Mobiletrans Crack,Wondershare Mobiletrans Crack,,
F Secure Dome Vpn Crack,F Secure Dome Vpn Crack,F Secure Dome Vpn Crack,,
Staad Pro Crack,Staad Pro Crack,Staad Pro Crack,,
F Secure Internet Security Crack,F Secure Internet Security Crack,F Secure Internet Security Crack,,
Inno Setup Crack,Inno Setup Crack,Inno Setup Crack,,
Openshot Video Editor Crack,Openshot Video Editor Crack,Openshot Video Editor Crack,,
Powerarchiver Crack,Powerarchiver Crack,Powerarchiver Crack,,
Avira Antivirus Pro Crack,Avira Antivirus Pro Crack,Avira Antivirus Pro Crack,,
Quick Heal Total Security Crack,Quick Heal Total Security Crack,Quick Heal Total Security Crack,,
Symantec Endpoint Protection Crack,Symantec Endpoint Protection Crack,Symantec Endpoint Protection Crack,,
Kernel Video Converter Crack,Kernel Video Converter Crack,Kernel Video Converter Crack,,
Leawo Video Converter Ultimate Crack,Leawo Video Converter Ultimate Crack,Leawo Video Converter Ultimate Crack,,
Net Monitor For Employees Pro Crack,Net Monitor For Employees Pro Crack,Net Monitor For Employees Pro Crack,,
Windscribe Vpn Premium Crack,Windscribe Vpn Premium Crack,Windscribe Vpn Premium Crack,,
Hma Pro Vpn Crack,Hma Pro Vpn Crack,Hma Pro Vpn Crack,,
Aiseesoft Video Converter Ultimate Crack,Aiseesoft Video Converter Ultimate Crack,Aiseesoft Video Converter Ultimate Crack,,
Roguekiller Crack,Roguekiller Crack,Roguekiller Crack,,
Folder Lock V Newest Crack,Folder Lock V Newest Crack,Folder Lock V Newest Crack,,
Wondershare Recoverit Crack,Wondershare Recoverit Crack,Wondershare Recoverit Crack,,
Ashampoo Uninstaller Crack,Ashampoo Uninstaller Crack,Ashampoo Uninstaller Crack,,
Avast Secure Browser Crack,Avast Secure Browser Crack,Avast Secure Browser Crack,,
Avast Driver Updater Crack,Avast Driver Updater Crack,Avast Driver Updater Crack,,
Adguard Premium Crack,Adguard Premium Crack,Adguard Premium Crack,,
Advanced Installer Architect Crack,Advanced Installer Architect Crack,Advanced Installer Architect Crack,,
Burp Suite Pro Crack,Burp Suite Pro Crack,Burp Suite Pro Crack,,
Adobe Media Enr Crack,Adobe Media Enr Crack,Adobe Media Enr Crack,,
Blender Crack,Blender Crack,Blender Crack,,
One Commander Crack,One Commander Crack,One Commander Crack,,
Dvd Drive Repair Crack,Dvd Drive Repair Crack,Dvd Drive Repair Crack,,
Rarmaradio Pro Crack,Rarmaradio Pro Crack,Rarmaradio Pro Crack,,
Radmin Vpn Crack,Radmin Vpn Crack,Radmin Vpn Crack,,
Axure Rp Pro Crack,Axure Rp Pro Crack,Axure Rp Pro Crack,,
Youtube By Click Crack,Youtube By Click Crack,Youtube By Click Crack,,
Sketchup Pro 2 Crack,Sketchup Pro 2 Crack,Sketchup Pro 2 Crack,,
Mkvtoolnix Crack,Mkvtoolnix Crack,Mkvtoolnix Crack,,
Mcafee Antivirus Crack,Mcafee Antivirus Crack,Mcafee Antivirus Crack,,
Reimage Pc Repair Crack,Reimage Pc Repair Crack,Reimage Pc Repair Crack,,
Total Av Antivirus Crack,Total Av Antivirus Crack,Total Av Antivirus Crack,,
Disk Drill Pro Crack,Disk Drill Pro Crack,Disk Drill Pro Crack,,
Mirillis Action Crack,Mirillis Action Crack,Mirillis Action Crack,,
Spyhunter Allgen Crack,Spyhunter Allgen Crack,Spyhunter Allgen Crack,,
Outbyte Pc Repair Crack,Outbyte Pc Repair Crack,Outbyte Pc Repair Crack,,
Turbo C Crack,Turbo C Crack,Turbo C Crack,,
Combo Cleaner Crack,Combo Cleaner Crack,Combo Cleaner Crack,,
Nitro Pro Crack,Nitro Pro Crack,Nitro Pro Crack,,
Solidworks Crack,Solidworks Crack,Solidworks Crack,,
Sketch Crack,Sketch Crack,Sketch Crack,,
Exitlag Crack,Exitlag Crack,Exitlag Crack,,
Shotcut Video Editor Crack,Shotcut Video Editor Crack,Shotcut Video Editor Crack,,
Cleanmypc Crack,Cleanmypc Crack,Cleanmypc Crack,,
Outbyte Driver Updater Crack,Outbyte Driver Updater Crack,Outbyte Driver Updater Crack,,
Ableton Live Crack,Ableton Live Crack,Ableton Live Crack,,
Aiseesoft Data Recovery Crack,Aiseesoft Data Recovery Crack,Aiseesoft Data Recovery Crack,,
Aiseesoft Foneeraser Crack,Aiseesoft Foneeraser Crack,Aiseesoft Foneeraser Crack,,
Vovsoft Seo Checker Crack,Vovsoft Seo Checker Crack,Vovsoft Seo Checker Crack,,
Movavi Slideshow Maker Crack,Movavi Slideshow Maker Crack,Movavi Slideshow Maker Crack,,
Winrar Crack,Winrar Crack,Winrar Crack,,
Poweriso Crack,Poweriso Crack,Poweriso Crack,,
Bytefence Anti Malware Pro Crack,Bytefence Anti Malware Pro Crack,Bytefence Anti Malware Pro Crack,,
Zoom Player Max Crack,Zoom Player Max Crack,Zoom Player Max Crack,,
Guitar Pro Crack,Guitar Pro Crack,Guitar Pro Crack,,
Memu Android Emulator Crack,Memu Android Emulator Crack,Memu Android Emulator Crack,,
Mendeley Crack,Mendeley Crack,Mendeley Crack,,
Retouch Pro For Adobe Photoshop Crack,Retouch Pro For Adobe Photoshop Crack,Retouch Pro For Adobe Photoshop Crack,,
Hitman Pro Crack,Hitman Pro Crack,Hitman Pro Crack,,
Any Video Converter Ultimate Crack,Any Video Converter Ultimate Crack,Any Video Converter Ultimate Crack,,
Sharex Crack,Sharex Crack,Sharex Crack,,
Stellar Data Recovery Crack,Stellar Data Recovery Crack,Stellar Data Recovery Crack,,
Wysiwyg Web Builder Crack,Wysiwyg Web Builder Crack,Wysiwyg Web Builder Crack,,
Itop Vpn Crack,Itop Vpn Crack,Itop Vpn Crack,,
Anydesk Crack,Anydesk Crack,Anydesk Crack,,
Vray For Sketchup Crack,Vray For Sketchup Crack,Vray For Sketchup Crack,,
Itop Screen Recorder Pro Crack,Itop Screen Recorder Pro Crack,Itop Screen Recorder Pro Crack,,
Tor Browser Crack,Tor Browser Crack,Tor Browser Crack,,
Iobit Driver Booster Pro Crack,Iobit Driver Booster Pro Crack,Iobit Driver Booster Pro Crack,,
Android Studio Crack,Android Studio Crack,Android Studio Crack,,
Bitwar Data Recovery Crack,Bitwar Data Recovery Crack,Bitwar Data Recovery Crack,,
Smartgit Crack,Smartgit Crack,Smartgit Crack,,
Vovsoft Document Manager Crack,Vovsoft Document Manager Crack,Vovsoft Document Manager Crack,,
Xforce Crack,Xforce Crack,Xforce Crack,,
Cisdem Video Converter Crack,Cisdem Video Converter Crack,Cisdem Video Converter Crack,,
Intego Internet Security Crack,Intego Internet Security Crack,Intego Internet Security Crack,,
Gihosoft Tubeget Pro Crack,Gihosoft Tubeget Pro Crack,Gihosoft Tubeget Pro Crack,,
Prism Video Converter Crack,Prism Video Converter Crack,Prism Video Converter Crack,,
Apowersoft Video Editor Crack,Apowersoft Video Editor Crack,Apowersoft Video Editor Crack,,
Kaspersky Anti Virus Crack,Kaspersky Anti Virus Crack,Kaspersky Anti Virus Crack,,
Cyberlink Powerdirector Crack,Cyberlink Powerdirector Crack,Cyberlink Powerdirector Crack,,
Driver Talent Pro Crack,Driver Talent Pro Crack,Driver Talent Pro Crack,,
Malwarebytes Anti Malware Crack,Malwarebytes Anti Malware Crack,Malwarebytes Anti Malware Crack,,
Clean Master Pro Crack,Clean Master Pro Crack,Clean Master Pro Crack,,
Bitsum Parkcontrol Pro Crack,Bitsum Parkcontrol Pro Crack,Bitsum Parkcontrol Pro Crack,,
Total Network Inventory Crack,Total Network Inventory Crack,Total Network Inventory Crack,,
Advanced Installer Architect Crack,Advanced Installer Architect Crack,Advanced Installer Architect Crack,,
Driver Easy Pro Crack,Driver Easy Pro Crack,Driver Easy Pro Crack,,
Advanced Systemcare Pro 2 Crack,Advanced Systemcare Pro 2 Crack,Advanced Systemcare Pro 2 Crack,,
Emeditor Professional Crack,Emeditor Professional Crack,Emeditor Professional Crack,,
1password Pro Crack,1password Pro Crack,1password Pro Crack,,
Norton Antivirus 2 Crack,Norton Antivirus 2 Crack,Norton Antivirus 2 Crack,,
Netlimiter Pro Crack,Netlimiter Pro Crack,Netlimiter Pro Crack,,
Mailbird Pro Crack,Mailbird Pro Crack,Mailbird Pro Crack,,
Wintousb Enterprise Crack,Wintousb Enterprise Crack,Wintousb Enterprise Crack,,
Photopia Director Crack,Photopia Director Crack,Photopia Director Crack,,
Dvd Cloner Platinum Crack,Dvd Cloner Platinum Crack,Dvd Cloner Platinum Crack,,
Autoscreenrecorder Pro Crack,Autoscreenrecorder Pro Crack,Autoscreenrecorder Pro Crack,,
Metasploit Pro Crack,Metasploit Pro Crack,Metasploit Pro Crack,,
Driverpack Solution Crack,Driverpack Solution Crack,Driverpack Solution Crack,,
Anti Porn Crack,Anti Porn Crack,Anti Porn Crack,,
Malwarebytes Premium Crack,Malwarebytes Premium Crack,Malwarebytes Premium Crack,,
Mcafee Livesafe Crack,Mcafee Livesafe Crack,Mcafee Livesafe Crack,,
Macbooster Crack,Macbooster Crack,Macbooster Crack,,
Removewat Crack,Removewat Crack,Removewat Crack,,
Ultraiso Crack,Ultraiso Crack,Ultraiso Crack,,
Ultramixer Crack,Ultramixer Crack,Ultramixer Crack,,
Zonealarm Antivirus Crack,Zonealarm Antivirus Crack,Zonealarm Antivirus Crack,,
Dmde Crack,Dmde Crack,Dmde Crack,,
Eset Nod32 Antivirus Crack,Eset Nod32 Antivirus Crack,Eset Nod32 Antivirus Crack,,
Winiso Crack,Winiso Crack,Winiso Crack,,
Gilisoft Video Converter Crack,Gilisoft Video Converter Crack,Gilisoft Video Converter Crack,,
Gilisoft Ai Toolkit Crack,Gilisoft Ai Toolkit Crack,Gilisoft Ai Toolkit Crack,,
Gilisoft Formathor Crack,Gilisoft Formathor Crack,Gilisoft Formathor Crack,,
Smart Game Booster Pro Crack,Smart Game Booster Pro Crack,Smart Game Booster Pro Crack,,
Gilisoft Video Editor Crack,Gilisoft Video Editor Crack,Gilisoft Video Editor Crack,,
Smartdraw Crack,Smartdraw Crack,Smartdraw Crack,,
Microsoft Office Crack,Microsoft Office Crack,Microsoft Office Crack,,
Superantispyware Pro Crack,Superantispyware Pro Crack,Superantispyware Pro Crack,,
Wavepad Sound Editor Crack,Wavepad Sound Editor Crack,Wavepad Sound Editor Crack,,
Driver Genius Pro Crack,Driver Genius Pro Crack,Driver Genius Pro Crack,,
Stardock Fences Crack,Stardock Fences Crack,Stardock Fences Crack,,
Driver Toolkit Crack,Driver Toolkit Crack,Driver Toolkit Crack,,
Remo Recover Crack,Remo Recover Crack,Remo Recover Crack,,
Typing Master Pro Crack,Typing Master Pro Crack,Typing Master Pro Crack,,
Resilio Sync Crack,Resilio Sync Crack,Resilio Sync Crack,,
Bootstrap Studio Crack,Bootstrap Studio Crack,Bootstrap Studio Crack,,
Clip Studio Paint Ex Crack,Clip Studio Paint Ex Crack,Clip Studio Paint Ex Crack,,
Teracopy Pro Crack,Teracopy Pro Crack,Teracopy Pro Crack,,
Dataram Ramdisk Pro Crack,Dataram Ramdisk Pro Crack,Dataram Ramdisk Pro Crack,,
Windows 7 Activator Crack,Windows 7 Activator Crack,Windows 7 Activator Crack,,
Fxsound Enhancer Crack,Fxsound Enhancer Crack,Fxsound Enhancer Crack,,
Gom Enr Crack,Gom Enr Crack,Gom Enr Crack,,
Stellar Repair For Video Crack,Stellar Repair For Video Crack,Stellar Repair For Video Crack,,
Dvd Shrink Crack,Dvd Shrink Crack,Dvd Shrink Crack,,
Proshow Producer Crack,Proshow Producer Crack,Proshow Producer Crack,,
Sophos Home Crack,Sophos Home Crack,Sophos Home Crack,,
Genymotion Crack,Genymotion Crack,Genymotion Crack,,
Gameloop Crack,Gameloop Crack,Gameloop Crack,,
Advanced System Repair Pro Crack,Advanced System Repair Pro Crack,Advanced System Repair Pro Crack,,
Umt Dongle Crack,Umt Dongle Crack,Umt Dongle Crack,,
Pdf Xchange Pro Crack,Pdf Xchange Pro Crack,Pdf Xchange Pro Crack,,
Rhinoceros Crack,Rhinoceros Crack,Rhinoceros Crack,,
Corel Paintshop Pro Crack,Corel Paintshop Pro Crack,Corel Paintshop Pro Crack,,
Vcarve Pro Crack,Vcarve Pro Crack,Vcarve Pro Crack,,
Idm Ultraedit Crack,Idm Ultraedit Crack,Idm Ultraedit Crack,,
Adobe Creative Cloud Crack,Adobe Creative Cloud Crack,Adobe Creative Cloud Crack,,
Wondershare Filmora Crack,Wondershare Filmora Crack,Wondershare Filmora Crack,,
Eset Internet Security Crack,Eset Internet Security Crack,Eset Internet Security Crack,,
Iobit Uninstaller Pro Crack,Iobit Uninstaller Pro Crack,Iobit Uninstaller Pro Crack,,
Realtek Uad Driver Crack,Realtek Uad Driver Crack,Realtek Uad Driver Crack,,
Hotspot Shield Vpn Crack,Hotspot Shield Vpn Crack,Hotspot Shield Vpn Crack,,
Mathtype Crack,Mathtype Crack,Mathtype Crack,,
Tenorshare 4ukey Crack,Tenorshare 4ukey Crack,Tenorshare 4ukey Crack,,
Eset Smart Security Premium Crack,Eset Smart Security Premium Crack,Eset Smart Security Premium Crack,,
Foxit Phantompdf Crack,Foxit Phantompdf Crack,Foxit Phantompdf Crack,,
Adobe After Effects Cc V Crack,Adobe After Effects Cc V Crack,Adobe After Effects Cc V Crack,,
Revo Uninstaller Pro Crack,Revo Uninstaller Pro Crack,Revo Uninstaller Pro Crack,,
Movavi Photo Editor Crack,Movavi Photo Editor Crack,Movavi Photo Editor Crack,,
Movavi Screen Recorder Crack,Movavi Screen Recorder Crack,Movavi Screen Recorder Crack,,
Movavi Video Suite Crack,Movavi Video Suite Crack,Movavi Video Suite Crack,,
Movavi Video Converter Crack,Movavi Video Converter Crack,Movavi Video Converter Crack,,
Movavi Video Editor Crack,Movavi Video Editor Crack,Movavi Video Editor Crack,,
Cubase Pro Crack,Cubase Pro Crack,Cubase Pro Crack,,
Foxit Reader Crack,Foxit Reader Crack,Foxit Reader Crack,,
Wise Care 365 Pro Crack,Wise Care 365 Pro Crack,Wise Care 365 Pro Crack,,
Lightworks Pro Crack,Lightworks Pro Crack,Lightworks Pro Crack,,
Iobit Smart Defrag Pro Crack,Iobit Smart Defrag Pro Crack,Iobit Smart Defrag Pro Crack,,
Atlantis Word Processor Crack,Atlantis Word Processor Crack,Atlantis Word Processor Crack,,
Chrispc Cpu Booster Crack,Chrispc Cpu Booster Crack,Chrispc Cpu Booster Crack,,
Handbrake Crack,Handbrake Crack,Handbrake Crack,,
Tipard Video Converter Ultimate Crack,Tipard Video Converter Ultimate Crack,Tipard Video Converter Ultimate Crack,,
Kaspersky Rescue Disk Crack,Kaspersky Rescue Disk Crack,Kaspersky Rescue Disk Crack,,
Comodo Internet Security Premium Crack,Comodo Internet Security Premium Crack,Comodo Internet Security Premium Crack,,
Sublime Text Crack,Sublime Text Crack,Sublime Text Crack,,
Foxit Pdf Editor Pro Crack,Foxit Pdf Editor Pro Crack,Foxit Pdf Editor Pro Crack,,
Apowermanager Crack,Apowermanager Crack,Apowermanager Crack,,
Emicsoft Video Converter Crack,Emicsoft Video Converter Crack,Emicsoft Video Converter Crack,,
Hasleo Data Recovery Crack,Hasleo Data Recovery Crack,Hasleo Data Recovery Crack,,
Coolmuster Lab Fone For Android Crack,Coolmuster Lab Fone For Android Crack,Coolmuster Lab Fone For Android Crack,,
Minitool Partition Wizard Pro Crack,Minitool Partition Wizard Pro Crack,Minitool Partition Wizard Pro Crack,,
Final Cut Pro X Crack,Final Cut Pro X Crack,Final Cut Pro X Crack,,
Reloader Activator Crack,Reloader Activator Crack,Reloader Activator Crack,,
Rekordbox Dj Crack,Rekordbox Dj Crack,Rekordbox Dj Crack,,
Kms Activator Crack,Kms Activator Crack,Kms Activator Crack,,
Renee Video Editor Pro Crack,Renee Video Editor Pro Crack,Renee Video Editor Pro Crack,,
Everyone Piano Crack,Everyone Piano Crack,Everyone Piano Crack,,
Ninja Manager Pro Crack,Ninja Manager Pro Crack,Ninja Manager Pro Crack,,
Pubg Pc 100working Crack,Pubg Pc 100working Crack,Pubg Pc 100working Crack,,
Bigasoft Total Video Converter Crack,Bigasoft Total Video Converter Crack,Bigasoft Total Video Converter Crack,,
Kaspersky Total Security Crack,Kaspersky Total Security Crack,Kaspersky Total Security Crack,,
Fonelab Android Data Recovery Crack,Fonelab Android Data Recovery Crack,Fonelab Android Data Recovery Crack,,
Edius Pro X Crack,Edius Pro X Crack,Edius Pro X Crack,,
Easyworship Crack,Easyworship Crack,Easyworship Crack,,
Baidu Antivirus Crack,Baidu Antivirus Crack,Baidu Antivirus Crack,,
Usb Drive Antivirus Crack,Usb Drive Antivirus Crack,Usb Drive Antivirus Crack,,
Phonerescue Crack,Phonerescue Crack,Phonerescue Crack,,
Apowermirror Crack,Apowermirror Crack,Apowermirror Crack,,
Bb Flashback Pro Crack,Bb Flashback Pro Crack,Bb Flashback Pro Crack,,
Recover My Files Crack,Recover My Files Crack,Recover My Files Crack,,
Redfox Clonecd Crack,Redfox Clonecd Crack,Redfox Clonecd Crack,,
Aomei Partition Assistant Crack,Aomei Partition Assistant Crack,Aomei Partition Assistant Crack,,
Partition Magic Crack,Partition Magic Crack,Partition Magic Crack,,
Morphvox Pro Crack,Morphvox Pro Crack,Morphvox Pro Crack,,
Clamxav Crack,Clamxav Crack,Clamxav Crack,,
Moodle Crack,Moodle Crack,Moodle Crack,,
Synfig Studio Crack,Synfig Studio Crack,Synfig Studio Crack,,
Camtasia Studio Newgen 2025 Crack,Camtasia Studio Newgen 2025 Crack,Camtasia Studio Newgen 2025 Crack,,
Nordvpn For Pc Crack,Nordvpn For Pc Crack,Nordvpn For Pc Crack,,
Dvdfab Crack,Dvdfab Crack,Dvdfab Crack,,
Eset Endpoint Antivirus Crack,Eset Endpoint Antivirus Crack,Eset Endpoint Antivirus Crack,,
Eset Endpoint Security Crack,Eset Endpoint Security Crack,Eset Endpoint Security Crack,,
Easeus Disk Copy Pro Crack,Easeus Disk Copy Pro Crack,Easeus Disk Copy Pro Crack,,
Easeus Partition Master Crack,Easeus Partition Master Crack,Easeus Partition Master Crack,,
Easeus Data Recovery Wizard Crack,Easeus Data Recovery Wizard Crack,Easeus Data Recovery Wizard Crack,,
Avast Secureline Vpn Crack,Avast Secureline Vpn Crack,Avast Secureline Vpn Crack,,
Wondershare Pdfelement Pro Crack,Wondershare Pdfelement Pro Crack,Wondershare Pdfelement Pro Crack,,
Ez Cd Audio Converter Pro Crack,Ez Cd Audio Converter Pro Crack,Ez Cd Audio Converter Pro Crack,,
Wondershare Uniconverter Crack,Wondershare Uniconverter Crack,Wondershare Uniconverter Crack,,
Drawboard Pdf Pro Crack,Drawboard Pdf Pro Crack,Drawboard Pdf Pro Crack,,
Netspot Unlimited Enterprise Crack,Netspot Unlimited Enterprise Crack,Netspot Unlimited Enterprise Crack,,
Hd Tune Pro Crack,Hd Tune Pro Crack,Hd Tune Pro Crack,,
Uplay Crack,Uplay Crack,Uplay Crack,,
Ccleaner Professional Crack,Ccleaner Professional Crack,Ccleaner Professional Crack,,
Kmplayer Crack,Kmplayer Crack,Kmplayer Crack,,
Sony Vegas Pro Crack,Sony Vegas Pro Crack,Sony Vegas Pro Crack,,
Mobirise Crack,Mobirise Crack,Mobirise Crack,,
Eft Dongle Crack,Eft Dongle Crack,Eft Dongle Crack,,
Http Debugger Pro Crack,Http Debugger Pro Crack,Http Debugger Pro Crack,,
Pdfcreator Crack,Pdfcreator Crack,Pdfcreator Crack,,
Audacity Crack,Audacity Crack,Audacity Crack,,
Switch Audio File Converter Crack,Switch Audio File Converter Crack,Switch Audio File Converter Crack,,
Tresorit Crack,Tresorit Crack,Tresorit Crack,,
Quicktime Pro Crack,Quicktime Pro Crack,Quicktime Pro Crack,,
Autodesk 3ds Max Crack,Autodesk 3ds Max Crack,Autodesk 3ds Max Crack,,
Apowersoft Screen Recorder Pro Crack,Apowersoft Screen Recorder Pro Crack,Apowersoft Screen Recorder Pro Crack,,
Imazing Crack,Imazing Crack,Imazing Crack,,
Endnote X Crack,Endnote X Crack,Endnote X Crack,,
Tuneskit Spotify Music Converter Crack,Tuneskit Spotify Music Converter Crack,Tuneskit Spotify Music Converter Crack,,
Windows 10 Activator Crack,Windows 10 Activator Crack,Windows 10 Activator Crack,,
Daemon Tools Pro Crack,Daemon Tools Pro Crack,Daemon Tools Pro Crack,,
Gsm Tool Pro Crack,Gsm Tool Pro Crack,Gsm Tool Pro Crack,,
Perfect Uninstaller Crack,Perfect Uninstaller Crack,Perfect Uninstaller Crack,,
Tenorshare Any Data Recovery Pro Crack,Tenorshare Any Data Recovery Pro Crack,Tenorshare Any Data Recovery Pro Crack,,
Gihosoft Android Data Recovery Crack,Gihosoft Android Data Recovery Crack,Gihosoft Android Data Recovery Crack,,
Expandrive Crack,Expandrive Crack,Expandrive Crack,,
Google Earth Pro Crack,Google Earth Pro Crack,Google Earth Pro Crack,,
Little Snitch Crack,Little Snitch Crack,Little Snitch Crack,,
Escan Anti Virus Crack,Escan Anti Virus Crack,Escan Anti Virus Crack,,
Cleanmymac X Crack,Cleanmymac X Crack,Cleanmymac X Crack,,
Splice Crack,Splice Crack,Splice Crack,,
Ufo Vpn Mod Apk Crack,Ufo Vpn Mod Apk Crack,Ufo Vpn Mod Apk Crack,,
Evernote Premium Crack,Evernote Premium Crack,Evernote Premium Crack,,
Fraps Crack,Fraps Crack,Fraps Crack,,
Plex Media Server Crack,Plex Media Server Crack,Plex Media Server Crack,,
Ivacy Vpn Crack,Ivacy Vpn Crack,Ivacy Vpn Crack,,
Avid Pro Tools Crack,Avid Pro Tools Crack,Avid Pro Tools Crack,,
Thegreenbow Vpn Client Crack,Thegreenbow Vpn Client Crack,Thegreenbow Vpn Client Crack,,
Aiseesoft Total Video Converter Crack,Aiseesoft Total Video Converter Crack,Aiseesoft Total Video Converter Crack,,
Audio Amplifier Pro Crack,Audio Amplifier Pro Crack,Audio Amplifier Pro Crack,,
Bittorrent Pro Crack,Bittorrent Pro Crack,Bittorrent Pro Crack,,
Utorrent Pro Crack,Utorrent Pro Crack,Utorrent Pro Crack,,
Corel Videostudio Pro X10 Crack,Corel Videostudio Pro X10 Crack,Corel Videostudio Pro X10 Crack,,
Bandicam Crack,Bandicam Crack,Bandicam Crack,,
Chimera Tool Crack,Chimera Tool Crack,Chimera Tool Crack,,
Aeroadmin Crack,Aeroadmin Crack,Aeroadmin Crack,,
Portraitpro Crack,Portraitpro Crack,Portraitpro Crack,,
Ibeesoft Iphone Data Recovery Crack,Ibeesoft Iphone Data Recovery Crack,Ibeesoft Iphone Data Recovery Crack,,
Bitcomet Crack,Bitcomet Crack,Bitcomet Crack,,
Geek Uninstaller Pro Crack,Geek Uninstaller Pro Crack,Geek Uninstaller Pro Crack,,
Bs Player Pro Crack,Bs Player Pro Crack,Bs Player Pro Crack,,
Inkscape Crack,Inkscape Crack,Inkscape Crack,,
Xilisoft Video Converter Ultimate Crack,Xilisoft Video Converter Ultimate Crack,Xilisoft Video Converter Ultimate Crack,,
Webcammax Crack,Webcammax Crack,Webcammax Crack,,
Wise Folder Hider Pro Crack,Wise Folder Hider Pro Crack,Wise Folder Hider Pro Crack,,
Winzip Driver Updater Crack,Winzip Driver Updater Crack,Winzip Driver Updater Crack,,
Acdsee Luxea Video Editor Crack,Acdsee Luxea Video Editor Crack,Acdsee Luxea Video Editor Crack,,
Photoscape X Progen Crack,Photoscape X Progen Crack,Photoscape X Progen Crack,,
Paint Tool Sai Crack,Paint Tool Sai Crack,Paint Tool Sai Crack,,
Macrium Reflect Crack,Macrium Reflect Crack,Macrium Reflect Crack,,
Euro Truck Simulator Crack,Euro Truck Simulator Crack,Euro Truck Simulator Crack,,
Easeus Video Editor Crack,Easeus Video Editor Crack,Easeus Video Editor Crack,,
Acdsee Photo Studio Ultimate Crack,Acdsee Photo Studio Ultimate Crack,Acdsee Photo Studio Ultimate Crack,,
Iskysoft Video Editor Ultimate Crack,Iskysoft Video Editor Ultimate Crack,Iskysoft Video Editor Ultimate Crack,,
Protegent Antivirus Crack,Protegent Antivirus Crack,Protegent Antivirus Crack,,
Anymp4 Video Converter Ultimate Crack,Anymp4 Video Converter Ultimate Crack,Anymp4 Video Converter Ultimate Crack,,
Miracle Box Crack,Miracle Box Crack,Miracle Box Crack,,
Starus Ntfs Recovery Crack,Starus Ntfs Recovery Crack,Starus Ntfs Recovery Crack,,
Visual Studio Crack,Visual Studio Crack,Visual Studio Crack,,
Zoiper Pro Crack,Zoiper Pro Crack,Zoiper Pro Crack,,
Pitrinec Macro Toolworks Crack,Pitrinec Macro Toolworks Crack,Pitrinec Macro Toolworks Crack,,
Adobe Premiere Pro Crack,Adobe Premiere Pro Crack,Adobe Premiere Pro Crack,,
Coolmuster Iphone Data Recovery Crack,Coolmuster Iphone Data Recovery Crack,Coolmuster Iphone Data Recovery Crack,,
Easeus Mobisaver Crack,Easeus Mobisaver Crack,Easeus Mobisaver Crack,,
Private Internet Access Crack,Private Internet Access Crack,Private Internet Access Crack,,
Tunepat Netflix Video Er Crack,Tunepat Netflix Video Er Crack,Tunepat Netflix Video Er Crack,,
Hola Vpn Crack,Hola Vpn Crack,Hola Vpn Crack,,
Apoweredit Crack,Apoweredit Crack,Apoweredit Crack,,
Cardrecovery Crack,Cardrecovery Crack,Cardrecovery Crack,,
Jalbum Crack,Jalbum Crack,Jalbum Crack,,
Elooffice Crack,Elooffice Crack,Elooffice Crack,,
Office Timeline Pro Crack,Office Timeline Pro Crack,Office Timeline Pro Crack,,
Apowerrec Crack,Apowerrec Crack,Apowerrec Crack,,
Quick Heal Antivirus Pro Crack,Quick Heal Antivirus Pro Crack,Quick Heal Antivirus Pro Crack,,
Smadav Pro Crack,Smadav Pro Crack,Smadav Pro Crack,,
Unity Pro Crack,Unity Pro Crack,Unity Pro Crack,,
Apeaksoft Data Recovery Crack,Apeaksoft Data Recovery Crack,Apeaksoft Data Recovery Crack,,
Easyrecovery Professional Crack,Easyrecovery Professional Crack,Easyrecovery Professional Crack,,
Fonepaw Iphone Data Recovery Crack,Fonepaw Iphone Data Recovery Crack,Fonepaw Iphone Data Recovery Crack,,
R Studio Crack,R Studio Crack,R Studio Crack,,
Pixologic Zbrush Crack,Pixologic Zbrush Crack,Pixologic Zbrush Crack,,
Xsplit Vcam Crack,Xsplit Vcam Crack,Xsplit Vcam Crack,,
Grammarly Crack,Grammarly Crack,Grammarly Crack,,
Planner 5d Crack,Planner 5d Crack,Planner 5d Crack,,
Data Guardian Crack,Data Guardian Crack,Data Guardian Crack,,
Adobe Photoshop Cc Patch V Crack,Adobe Photoshop Cc Patch V Crack,Adobe Photoshop Cc Patch V Crack,,
Oo Diskrecovery Crack,Oo Diskrecovery Crack,Oo Diskrecovery Crack,,
Isobuster Crack,Isobuster Crack,Isobuster Crack,,
Adobe Air Sdk Crack,Adobe Air Sdk Crack,Adobe Air Sdk Crack,,
Make Video Converter Crack,Make Video Converter Crack,Make Video Converter Crack,,
Norton Security Crack,Norton Security Crack,Norton Security Crack,,
Idm Patch Crack,Idm Patch Crack,Idm Patch Crack,,
Panda Antivirus Pro Crack,Panda Antivirus Pro Crack,Panda Antivirus Pro Crack,,
Serato Dj Pro Crack,Serato Dj Pro Crack,Serato Dj Pro Crack,,
Hitfilm Pro Crack,Hitfilm Pro Crack,Hitfilm Pro Crack,,
Winutilities Pro Crack,Winutilities Pro Crack,Winutilities Pro Crack,,
Thundersoft Video Editor Crack,Thundersoft Video Editor Crack,Thundersoft Video Editor Crack,,
Fastcopy Crack,Fastcopy Crack,Fastcopy Crack,,
Fl Studio Allgen Crack,Fl Studio Allgen Crack,Fl Studio Allgen Crack,,
Vuescan Pro Crack,Vuescan Pro Crack,Vuescan Pro Crack,,
Glary Utilities Pro Crack,Glary Utilities Pro Crack,Glary Utilities Pro Crack,,
Gom Player Plus Crack,Gom Player Plus Crack,Gom Player Plus Crack,,
Ashampoo Backup Pro Crack,Ashampoo Backup Pro Crack,Ashampoo Backup Pro Crack,,
Cockos Reaper Crack,Cockos Reaper Crack,Cockos Reaper Crack,,
Auslogics Driver Updater Crack,Auslogics Driver Updater Crack,Auslogics Driver Updater Crack,,
Tuneskit Acemovi Crack,Tuneskit Acemovi Crack,Tuneskit Acemovi Crack,,
Xlstat Crack,Xlstat Crack,Xlstat Crack,,
Ntlite Crack,Ntlite Crack,Ntlite Crack,,
Vsdc Video Editor Crack,Vsdc Video Editor Crack,Vsdc Video Editor Crack,,
Turbo Studio Crack,Turbo Studio Crack,Turbo Studio Crack,,
Smartftp Crack,Smartftp Crack,Smartftp Crack,,
Nicepage Crack,Nicepage Crack,Nicepage Crack,,
K7 Total Security Crack,K7 Total Security Crack,K7 Total Security Crack,,
Teamviewer Crack,Teamviewer Crack,Teamviewer Crack,,
Loaris Trojan Remover Crack,Loaris Trojan Remover Crack,Loaris Trojan Remover Crack,,
Filezilla Pro Crack,Filezilla Pro Crack,Filezilla Pro Crack,,
Pinnacle Studio Ultimate Crack,Pinnacle Studio Ultimate Crack,Pinnacle Studio Ultimate Crack,,
Manycam Pro Crack,Manycam Pro Crack,Manycam Pro Crack,,
360 Total Security Crack,360 Total Security Crack,360 Total Security Crack,,
Purevpn Crack,Purevpn Crack,Purevpn Crack,,
System Mechanic Pro Crack,System Mechanic Pro Crack,System Mechanic Pro Crack,,
Bitsum Process Lasso Pro Crack,Bitsum Process Lasso Pro Crack,Bitsum Process Lasso Pro Crack,,
Beecut Crack,Beecut Crack,Beecut Crack,,
Olive Video Editor Crack,Olive Video Editor Crack,Olive Video Editor Crack,,
Nas Data Recovery Crack,Nas Data Recovery Crack,Nas Data Recovery Crack,,
Nch Pixillion Image Converter Crack,Nch Pixillion Image Converter Crack,Nch Pixillion Image Converter Crack,,
Windows 10 Highly Compressed 10mb Crack,Windows 10 Highly Compressed 10mb Crack,Windows 10 Highly Compressed 10mb Crack,,
Winx Hd Video Converter Deluxe Crack,Winx Hd Video Converter Deluxe Crack,Winx Hd Video Converter Deluxe Crack,,
Refx Nexus Crack,Refx Nexus Crack,Refx Nexus Crack,,
Wise Registry Cleaner Crack,Wise Registry Cleaner Crack,Wise Registry Cleaner Crack,,
Virtual Audio Cable Crack,Virtual Audio Cable Crack,Virtual Audio Cable Crack,,
Website Auto Traffic Generator Ultimate Crack,Website Auto Traffic Generator Ultimate Crack,Website Auto Traffic Generator Ultimate Crack,,
Idealshare Videogo Crack,Idealshare Videogo Crack,Idealshare Videogo Crack,,
Master Pdf Editor Crack,Master Pdf Editor Crack,Master Pdf Editor Crack,,
Comodo Antivirus Crack,Comodo Antivirus Crack,Comodo Antivirus Crack,,
Divx Pro Crack,Divx Pro Crack,Divx Pro Crack,,
Autodesk Sketchbook Pro Crack,Autodesk Sketchbook Pro Crack,Autodesk Sketchbook Pro Crack,,
Tally Erp Crack,Tally Erp Crack,Tally Erp Crack,,
Lantern Pro Crack,Lantern Pro Crack,Lantern Pro Crack,,
Hex Editor Neo Crack,Hex Editor Neo Crack,Hex Editor Neo Crack,,
Net Protector Antivirus Crack,Net Protector Antivirus Crack,Net Protector Antivirus Crack,,
Mediamonkey Gold Crack,Mediamonkey Gold Crack,Mediamonkey Gold Crack,,
Idrive Crack,Idrive Crack,Idrive Crack,,
Avast Premier Patch Crack,Avast Premier Patch Crack,Avast Premier Patch Crack,,
Avast Internet Security Crack,Avast Internet Security Crack,Avast Internet Security Crack,,
Avast Antivirus Crack,Avast Antivirus Crack,Avast Antivirus Crack,,
Avast Cleanup Premium Crack,Avast Cleanup Premium Crack,Avast Cleanup Premium Crack,,
Avast Premium Security Crack,Avast Premium Security Crack,Avast Premium Security Crack,,
Avg Internet Security Crack,Avg Internet Security Crack,Avg Internet Security Crack,,
Avg Pc Tuneup Crack,Avg Pc Tuneup Crack,Avg Pc Tuneup Crack,,
Avg Antivirus Crack,Avg Antivirus Crack,Avg Antivirus Crack,,
Cyberlink Audiodirector Ultra Crack,Cyberlink Audiodirector Ultra Crack,Cyberlink Audiodirector Ultra Crack,,
Mackeeper Crack,Mackeeper Crack,Mackeeper Crack,,
Tuneskit Video Converter Crack,Tuneskit Video Converter Crack,Tuneskit Video Converter Crack,,
Arcgis Pro Crack,Arcgis Pro Crack,Arcgis Pro Crack,,
Reason Crack,Reason Crack,Reason Crack,,
Editplus Crack,Editplus Crack,Editplus Crack,,
Iphone Backup Extractor Crack,Iphone Backup Extractor Crack,Iphone Backup Extractor Crack,,
Manictime Pro Crack,Manictime Pro Crack,Manictime Pro Crack,,
Fonepaw Android Data Recovery Crack,Fonepaw Android Data Recovery Crack,Fonepaw Android Data Recovery Crack,,
Duplicate Cleaner Pro Crack,Duplicate Cleaner Pro Crack,Duplicate Cleaner Pro Crack,,
Betternet Vpn Premium Crack,Betternet Vpn Premium Crack,Betternet Vpn Premium Crack,,
Joyoshare Video Converter Crack,Joyoshare Video Converter Crack,Joyoshare Video Converter Crack,,
Octoplus Frp Tool Crack,Octoplus Frp Tool Crack,Octoplus Frp Tool Crack,,
Avdshare Video Converter Crack,Avdshare Video Converter Crack,Avdshare Video Converter Crack,,
Aimersoft Video Converter Ultimate Crack,Aimersoft Video Converter Ultimate Crack,Aimersoft Video Converter Ultimate Crack,,
Bullguard Antivirus Crack,Bullguard Antivirus Crack,Bullguard Antivirus Crack,,
Networx Crack,Networx Crack,Networx Crack,,
Phpstorm Crack,Phpstorm Crack,Phpstorm Crack,,
Surfshark Vpn Crack,Surfshark Vpn Crack,Surfshark Vpn Crack,,
Wise Data Recovery Crack,Wise Data Recovery Crack,Wise Data Recovery Crack,,
Wirecast Progen Crack,Wirecast Progen Crack,Wirecast Progen Crack,,
Transmacs Crack,Transmacs Crack,Transmacs Crack,,
Sidify Music Converter Crack,Sidify Music Converter Crack,Sidify Music Converter Crack,,
Sandboxie Crack,Sandboxie Crack,Sandboxie Crack,,
Tenorshare 4ukey Keylist Crack,Tenorshare 4ukey Keylist Crack,Tenorshare 4ukey Keylist Crack,,
Systools Hard Drive Data Recovery Crack,Systools Hard Drive Data Recovery Crack,Systools Hard Drive Data Recovery Crack,,
Macs Fan Control Crack,Macs Fan Control Crack,Macs Fan Control Crack,,
Svp 4 Pro Crack,Svp 4 Pro Crack,Svp 4 Pro Crack,,
Netcut Pro Crack,Netcut Pro Crack,Netcut Pro Crack,,
Cyberduck Crack,Cyberduck Crack,Cyberduck Crack,,
Youtube To Mp3 Converter Crack,Youtube To Mp3 Converter Crack,Youtube To Mp3 Converter Crack,,
Ptgui Pro Crack,Ptgui Pro Crack,Ptgui Pro Crack,,
Autodesk Fusion 360 Crack,Autodesk Fusion 360 Crack,Autodesk Fusion 360 Crack,,
Videopad Video Editor Crack,Videopad Video Editor Crack,Videopad Video Editor Crack,,
Postman Crack,Postman Crack,Postman Crack,,
Mobaxterm Professional Crack,Mobaxterm Professional Crack,Mobaxterm Professional Crack,,
Xyplorer Pro Crack,Xyplorer Pro Crack,Xyplorer Pro Crack,,
Adobe Flash Builder Premium Crack,Adobe Flash Builder Premium Crack,Adobe Flash Builder Premium Crack,,
Auslogics Disk Defrag Pro Crack,Auslogics Disk Defrag Pro Crack,Auslogics Disk Defrag Pro Crack,,
Bitdefender Total Security Crack,Bitdefender Total Security Crack,Bitdefender Total Security Crack,,
Bitdefender Antivirus Crack,Bitdefender Antivirus Crack,Bitdefender Antivirus Crack,,
Gridinsoft Anti Malware Crack,Gridinsoft Anti Malware Crack,Gridinsoft Anti Malware Crack,,
Ezdrummer Crack,Ezdrummer Crack,Ezdrummer Crack,,
Radmin Vpn 2 Crack,Radmin Vpn 2 Crack,Radmin Vpn 2 Crack,,
Torguard Vpn Crack,Torguard Vpn Crack,Torguard Vpn Crack,,
Virtual Dj Pro Crack,Virtual Dj Pro Crack,Virtual Dj Pro Crack,,
Duplicate Photos Fixer Pro Crack,Duplicate Photos Fixer Pro Crack,Duplicate Photos Fixer Pro Crack,,
Vueminder Ultimate Crack,Vueminder Ultimate Crack,Vueminder Ultimate Crack,,
Daemon Tools Lite Crack,Daemon Tools Lite Crack,Daemon Tools Lite Crack,,
Audials One Crack,Audials One Crack,Audials One Crack,,
Videoproc Crack,Videoproc Crack,Videoproc Crack,,
Avs Video Editor Crack,Avs Video Editor Crack,Avs Video Editor Crack,,
Icecream Screen Recorder Pro 2025 Crack,Icecream Screen Recorder Pro 2025 Crack,Icecream Screen Recorder Pro 2025 Crack,,
Fxfactory Pro Crack,Fxfactory Pro Crack,Fxfactory Pro Crack,,
Matlab Crack,Matlab Crack,Matlab Crack,,
Ashampoo Driver Updater Crack,Ashampoo Driver Updater Crack,Ashampoo Driver Updater Crack,,
Avo Gen Crack,Avo Gen Crack,Avo Gen Crack,,
Cisdem Data Recovery Crack,Cisdem Data Recovery Crack,Cisdem Data Recovery Crack,,
Traktor Pro Plus Crack,Traktor Pro Plus Crack,Traktor Pro Plus Crack,,
Iexplorer Plus Crack,Iexplorer Plus Crack,Iexplorer Plus Crack,,
Itools Crack,Itools Crack,Itools Crack,,
Displayfusion Crack,Displayfusion Crack,Displayfusion Crack,,
Xara Designer Pro X Crack,Xara Designer Pro X Crack,Xara Designer Pro X Crack,,
Qbittorrent Crack,Qbittorrent Crack,Qbittorrent Crack,,
Capture One 21 Pro Crack,Capture One 21 Pro Crack,Capture One 21 Pro Crack,,
Nero Video Crack,Nero Video Crack,Nero Video Crack,,
Nero Burning Rom Crack,Nero Burning Rom Crack,Nero Burning Rom Crack,,
Imyfone Filme Crack,Imyfone Filme Crack,Imyfone Filme Crack,,
Mikrotik Crack,Mikrotik Crack,Mikrotik Crack,,
Express Vpn Crack,Express Vpn Crack,Express Vpn Crack,,
Aiseesoft Mobiesync Crack,Aiseesoft Mobiesync Crack,Aiseesoft Mobiesync Crack,,
Alfa Ebooks Manager Pro Crack,Alfa Ebooks Manager Pro Crack,Alfa Ebooks Manager Pro Crack,,
4mekey Crack,4mekey Crack,4mekey Crack,,
Videonizer Crack,Videonizer Crack,Videonizer Crack,,
Air Cluster Pro Crack,Air Cluster Pro Crack,Air Cluster Pro Crack,,
Vmix Crack,Vmix Crack,Vmix Crack,,
Bluetooth Driver Installer Crack,Bluetooth Driver Installer Crack,Bluetooth Driver Installer Crack,,
Allmapsoft Offline Map Maker Crack,Allmapsoft Offline Map Maker Crack,Allmapsoft Offline Map Maker Crack,,
Alterpdf Pro Crack,Alterpdf Pro Crack,Alterpdf Pro Crack,,
Altium Designer Crack,Altium Designer Crack,Altium Designer Crack,,
Fonepaw Android Data Crack,Fonepaw Android Data Crack,Fonepaw Android Data Crack,,
Audkit Aax Converter Crack,Audkit Aax Converter Crack,Audkit Aax Converter Crack,,
Save2pc Ultimate Crack,Save2pc Ultimate Crack,Save2pc Ultimate Crack,,
Winzip Pro Crack,Winzip Pro Crack,Winzip Pro Crack,,
Black Notepad Crack,Black Notepad Crack,Black Notepad Crack,,
Folder Colorizer Pro Crack,Folder Colorizer Pro Crack,Folder Colorizer Pro Crack,,
Pandora Mod Apk Crack,Pandora Mod Apk Crack,Pandora Mod Apk Crack,,
Adobe Captivate Crack,Adobe Captivate Crack,Adobe Captivate Crack,,
Time Boss Pro Crack,Time Boss Pro Crack,Time Boss Pro Crack,,
Previsat Crack,Previsat Crack,Previsat Crack,,
Algorius Net Viewer Crack,Algorius Net Viewer Crack,Algorius Net Viewer Crack,,
Anymp4 Blu Ray Creator Crack,Anymp4 Blu Ray Creator Crack,Anymp4 Blu Ray Creator Crack,,
Anytrans Crack,Anytrans Crack,Anytrans Crack,,
Itubego Youtube Er Crack,Itubego Youtube Er Crack,Itubego Youtube Er Crack,,
By Click Er Crack,By Click Er Crack,By Click Er Crack,,
Ummy Video Er Crack,Ummy Video Er Crack,Ummy Video Er Crack,,
Efofex Fx Draw Tools Crack,Efofex Fx Draw Tools Crack,Efofex Fx Draw Tools Crack,,
Ashampoo Burning Studio Crack,Ashampoo Burning Studio Crack,Ashampoo Burning Studio Crack,,
Bigasoft Video Er Pro Crack,Bigasoft Video Er Pro Crack,Bigasoft Video Er Pro Crack,,
Allavsoft Video Converter Crack,Allavsoft Video Converter Crack,Allavsoft Video Converter Crack,,
Ytd Video Er Pro Crack,Ytd Video Er Pro Crack,Ytd Video Er Pro Crack,,
4k Video Er Crack,4k Video Er Crack,4k Video Er Crack,,
Avs Video Converter Crack,Avs Video Converter Crack,Avs Video Converter Crack,,
Exiftool Crack,Exiftool Crack,Exiftool Crack,,
Snap Art Crack,Snap Art Crack,Snap Art Crack,,
Anymp4 Android Data Recovery Crack,Anymp4 Android Data Recovery Crack,Anymp4 Android Data Recovery Crack,,
Cyberlink Powerdvd Ultra Crack,Cyberlink Powerdvd Ultra Crack,Cyberlink Powerdvd Ultra Crack,,
Cyberlink Power2go Crack,Cyberlink Power2go Crack,Cyberlink Power2go Crack,,
Cudatext Crack,Cudatext Crack,Cudatext Crack,,
Cst Studio Suite Crack,Cst Studio Suite Crack,Cst Studio Suite Crack,,
Csoft Wiseimage Crack,Csoft Wiseimage Crack,Csoft Wiseimage Crack,,
Corel Draw X7 Crack,Corel Draw X7 Crack,Corel Draw X7 Crack,,
Fast Video Er Crack,Fast Video Er Crack,Fast Video Er Crack,,
Adobe Acrobat Pro Dc Crack,Adobe Acrobat Pro Dc Crack,Adobe Acrobat Pro Dc Crack,,
Aiseesoft Blu Ray Player Crack,Aiseesoft Blu Ray Player Crack,Aiseesoft Blu Ray Player Crack,,
Dvdfab Toolkit Crack,Dvdfab Toolkit Crack,Dvdfab Toolkit Crack,,
Alien Skin Blow Up Crack,Alien Skin Blow Up Crack,Alien Skin Blow Up Crack,,
Dvdfab Streamfab Crack,Dvdfab Streamfab Crack,Dvdfab Streamfab Crack,,
Ibackup Viewer Crack,Ibackup Viewer Crack,Ibackup Viewer Crack,,
Dropbox Crack,Dropbox Crack,Dropbox Crack,,
Easeus Todo Backup Crack,Easeus Todo Backup Crack,Easeus Todo Backup Crack,,
Mullvad Vpn Crack,Mullvad Vpn Crack,Mullvad Vpn Crack,,
Prtg Network Monitor Crack,Prtg Network Monitor Crack,Prtg Network Monitor Crack,,
Aiseesoft Iphone Unlocker Crack,Aiseesoft Iphone Unlocker Crack,Aiseesoft Iphone Unlocker Crack,,
Daum Potplayer Crack,Daum Potplayer Crack,Daum Potplayer Crack,,
Scriptcase Crack,Scriptcase Crack,Scriptcase Crack,,
Blue Iris Pro Crack,Blue Iris Pro Crack,Blue Iris Pro Crack,,
Unhackme Crack,Unhackme Crack,Unhackme Crack,,
Epic Pen Pro Crack,Epic Pen Pro Crack,Epic Pen Pro Crack,,
Novapdf Pro Crack,Novapdf Pro Crack,Novapdf Pro Crack,,
Adobe Dimension Cc Crack,Adobe Dimension Cc Crack,Adobe Dimension Cc Crack,,
Ccproxy Crack,Ccproxy Crack,Ccproxy Crack,,
Kotato All Video Er Crack,Kotato All Video Er Crack,Kotato All Video Er Crack,,
